"","yr","site","depth","transect","poc","pav","por","ps","gar","tub","oldsite","propsum"
"2",1994,"sp","10",1,0.942760943,0,0,0.057239057,0,0,"sp",1
"4",1994,"sp","10",2,0.604519774,0.346516008,0,0.048964218,0,0,"sp",1
"6",1994,"sp","10",3,0.907960199,0,0,0.092039801,0,0,"sp",1
"8",1994,"sp","10",4,0.942592593,0,0,0.057407407,0,0,"sp",1
"10",1994,"sp","10",5,0.931260229,0,0,0.068739771,0,0,"sp",1
"12",1994,"sp","11",1,0.975095785,0.009578544,0,0.01532567,0,0,"sp",0.999999999
"14",1994,"sp","11",2,0.760726073,0.105610561,0,0.133663366,0,0,"sp",1
"16",1994,"sp","11",3,0.943894389,0.00330033,0,0.052805281,0,0,"sp",1
"18",1994,"sp","11",4,0.953333333,0.036666667,0,0.01,0,0,"sp",1
"20",1994,"sp","11",5,0.853889943,0.091081594,0,0.055028463,0,0,"sp",1
"22",1994,"sp","7",1,0.83463035,0.013618677,0,0.151750973,0,0,"sp",1
"24",1994,"sp","7",2,0.603585657,0.123505976,0,0.272908367,0,0,"sp",1
"26",1994,"sp","7",3,0.934707904,0.015463918,0,0.049828179,0,0,"sp",1.000000001
"28",1994,"sp","7",4,0.829411765,0,0,0.170588235,0,0,"sp",1
"30",1994,"sp","7",5,1,0,0,0,0,0,"sp",1
"32",1994,"sp","5",1,0.798828125,0.076171875,0,0.125,0,0,"sp",1
"34",1994,"sp","5",2,0.962890625,0,0,0.037109375,0,0,"sp",1
"36",1994,"sp","5",3,0.804713805,0.074074074,0,0.121212121,0,0,"sp",1
"38",1994,"sp","5",4,1,0,0,0,0,0,"sp",1
"40",1994,"sp","5",5,0.852512156,0.030794165,0,0.116693679,0,0,"sp",1
"42",1995,"sp","10",1,0.76802824,0.060514372,0,0.171457388,0,0,"sp",1
"44",1995,"sp","10",2,0.913793103,0.015804598,0,0.070402299,0,0,"sp",1
"46",1995,"sp","10",3,0.522174535,0.027181688,0,0.450643777,0,0,"sp",1
"48",1995,"sp","10",4,0.754854369,0.014563107,0,0.230582524,0,0,"sp",1
"50",1995,"sp","10",5,0.837342497,0.045819015,0,0.116838488,0,0,"sp",1
"52",1995,"sp","11",1,0.802259887,0.071563089,0,0.126177024,0,0,"sp",1
"54",1995,"sp","11",2,0.856435644,0.04950495,0,0.094059406,0,0,"sp",1
"56",1995,"sp","11",3,0.863720074,0.049723757,0,0.086556169,0,0,"sp",1
"58",1995,"sp","11",4,0.914563107,0.021359223,0,0.06407767,0,0,"sp",1
"60",1995,"sp","11",5,0.99194847,0,0,0.00805153,0,0,"sp",1
"62",1995,"sp","7",1,0.823529412,0,0.016339869,0.160130719,0,0,"sp",1
"64",1995,"sp","7",2,0.795414462,0.035273369,0,0.169312169,0,0,"sp",1
"66",1995,"sp","7",3,0.881508079,0.019748654,0,0.098743268,0,0,"sp",1.000000001
"68",1995,"sp","7",4,0.885615251,0.013864818,0,0.100519931,0,0,"sp",1
"70",1995,"sp","7",5,0.887417219,0,0,0.112582781,0,0,"sp",1
"72",1995,"sp","5",1,0.72659176,0,0,0.27340824,0,0,"sp",1
"74",1995,"sp","5",2,0.699324324,0.010135135,0,0.290540541,0,0,"sp",1
"76",1995,"sp","5",3,0.851351351,0.057432432,0,0.091216216,0,0,"sp",0.999999999
"78",1995,"sp","5",4,0.922297297,0.015202703,0,0.0625,0,0,"sp",1
"80",1995,"sp","5",5,0.904679376,0,0,0.095320624,0,0,"sp",1
"82",1996,"sp","10",1,0.837931034,0,0,0.162068966,0,0,"sp",1
"84",1996,"sp","10",2,0.836024845,0.065838509,0,0.098136646,0,0,"sp",1
"86",1996,"sp","10",3,0.533242877,0.05156038,0.008141113,0.407055631,0,0,"sp",1.000000001
"88",1996,"sp","10",4,0.676724138,0.087643678,0,0.235632184,0,0,"sp",1
"90",1996,"sp","10",5,0.855708908,0,0,0.144291092,0,0,"sp",1
"92",1996,"sp","11",1,0.717092338,0.074656189,0,0.208251473,0,0,"sp",1
"94",1996,"sp","11",2,0.887417219,0.028145695,0,0.084437086,0,0,"sp",1
"96",1996,"sp","11",3,0.914473684,0.039473684,0,0.046052632,0,0,"sp",1
"98",1996,"sp","11",4,0.880837359,0.012882448,0.004830918,0.101449275,0,0,"sp",1
"100",1996,"sp","11",5,0.818815331,0.137630662,0,0.043554007,0,0,"sp",1
"102",1996,"sp","7",1,0.922689076,0,0.005042017,0.072268908,0,0,"sp",1.000000001
"104",1996,"sp","7",2,0.950166113,0,0,0.049833887,0,0,"sp",1
"106",1996,"sp","7",3,0.83463035,0,0,0.16536965,0,0,"sp",1
"108",1996,"sp","7",4,0.903494176,0,0,0.096505824,0,0,"sp",1
"110",1996,"sp","7",5,0.902803738,0,0,0.097196262,0,0,"sp",1
"112",1996,"sp","5",1,0.844331641,0,0,0.155668359,0,0,"sp",1
"114",1996,"sp","5",2,0.839059675,0,0,0.160940325,0,0,"sp",1
"116",1996,"sp","5",3,0.828282828,0,0,0.171717172,0,0,"sp",1
"118",1996,"sp","5",4,0.945111492,0,0,0.054888508,0,0,"sp",1
"120",1996,"sp","5",5,0.814381271,0,0,0.185618729,0,0,"sp",1
"122",1996,"coc","6",1,0,0.973333333,0.026666667,0,0,0,"coc",1
"124",1996,"coc","6",2,0,0.900990099,0.00990099,0,0,0.089108911,"coc",0.910891089
"126",1996,"coc","6",3,0,1,0,0,0,0,"coc",1
"128",1996,"coc","6",4,0.258241758,0.686813187,0.049450549,0,0,0.005494505,"coc",0.994505494
"130",1996,"coc","6",5,0.064864865,0.918918919,0,0,0,0.016216216,"coc",0.983783784
"132",1996,"coc","5",1,0.123110151,0.721382289,0.008639309,0,0.146868251,0,"coc",1
"134",1996,"coc","5",2,0.360986547,0.571748879,0.067264574,0,0,0,"coc",1
"136",1996,"coc","5",3,0.124777184,0.711229947,0.019607843,0,0.144385027,0,"coc",1.000000001
"138",1996,"coc","5",4,0,0.884540117,0.101761252,0.003913894,0.009784736,0,"coc",0.999999999
"140",1996,"coc","5",5,0.025252525,0.575757576,0.398989899,0,0,0,"coc",1
"142",1996,"coc","3",1,0,0.185852982,0.012482663,0.015256588,0.786407767,0,"coc",1
"144",1996,"coc","3",2,0,0.169984686,0.003062787,0.075038285,0.751914242,0,"coc",1
"146",1996,"coc","3",3,0,0.288201161,0.011605416,0,0.688588008,0.011605416,"coc",0.988394585
"148",1996,"coc","3",4,0,0.155270655,0.015669516,0.042735043,0.783475783,0.002849003,"coc",0.997150997
"150",1996,"coc","3",5,0,0.344298246,0.015350877,0,0.627192982,0.013157895,"coc",0.986842105
"152",1997,"sp","10",1,0.754829123,0.109955423,0.013372957,0.121842496,0,0,"sp",0.999999999
"154",1997,"sp","10",2,0.952212389,0.021238938,0,0.026548673,0,0,"sp",1
"156",1997,"sp","10",3,0.849144635,0,0,0.150855365,0,0,"sp",1
"158",1997,"sp","10",4,0.804248862,0,0,0.195751138,0,0,"sp",1
"160",1997,"sp","10",5,0.940366972,0,0,0.059633028,0,0,"sp",1
"162",1997,"sp","11",1,0.765993266,0.016835017,0.048821549,0.168350168,0,0,"sp",1
"164",1997,"sp","11",2,0.865107914,0.012589928,0,0.122302158,0,0,"sp",1
"166",1997,"sp","11",3,0.791288566,0.01814882,0,0.190562613,0,0,"sp",0.999999999
"168",1997,"sp","11",4,0.863406408,0.020236088,0,0.116357504,0,0,"sp",1
"170",1997,"sp","11",5,0.708943089,0.030894309,0,0.260162602,0,0,"sp",1
"172",1997,"sp","7",1,0.87107438,0.036363636,0,0.092561983,0,0,"sp",0.999999999
"174",1997,"sp","7",2,0.806896552,0.00862069,0,0.184482759,0,0,"sp",1.000000001
"176",1997,"sp","7",3,0.933447099,0.005119454,0,0.061433447,0,0,"sp",1
"178",1997,"sp","7",4,0.797077922,0.003246753,0,0.199675325,0,0,"sp",1
"180",1997,"sp","7",5,0.903171953,0.023372287,0,0.07345576,0,0,"sp",1
"182",1997,"sp","5",1,0.842454395,0.004975124,0,0.152570481,0,0,"sp",1
"184",1997,"sp","5",2,0.912801484,0.012987013,0.009276438,0.064935065,0,0,"sp",1
"186",1997,"sp","5",3,0.907014682,0.013050571,0,0.079934747,0,0,"sp",1
"188",1997,"sp","5",4,0.85125448,0.008960573,0,0.139784946,0,0,"sp",0.999999999
"190",1997,"sp","5",5,0.838969404,0,0,0.161030596,0,0,"sp",1
"192",1997,"coc","6",1,0.010989011,0.934065934,0.043956044,0,0,0.010989011,"coc",0.989010989
"194",1997,"coc","6",2,0.385542169,0.584337349,0,0,0,0.030120482,"coc",0.969879518
"196",1997,"coc","6",3,0,0.97260274,0.01826484,0,0.00913242,0,"coc",1
"198",1997,"coc","6",4,0.301587302,0.422222222,0.015873016,0,0.26031746,0,"coc",1
"200",1997,"coc","6",5,0.231155779,0.452261307,0.040201005,0,0.27638191,0,"coc",1.000000001
"202",1997,"coc","5",1,0.132678133,0.754299754,0.058968059,0,0.054054054,0,"coc",1
"204",1997,"coc","5",2,0,0.939306358,0.043352601,0,0.01734104,0,"coc",0.999999999
"206",1997,"coc","5",3,0.158362989,0.629893238,0.03202847,0,0.179715302,0,"coc",0.999999999
"208",1997,"coc","5",4,0,0.522012579,0.477987421,0,0,0,"coc",1
"210",1997,"coc","5",5,0,1,0,0,0,0,"coc",1
"212",1997,"coc","3",1,0,0.310861423,0.02247191,0,0.661048689,0.005617978,"coc",0.994382022
"214",1997,"coc","3",2,0,0.262295082,0.009107468,0.092896175,0.626593807,0.009107468,"coc",0.990892532
"216",1997,"coc","3",3,0,0.162444113,0,0,0.836065574,0.001490313,"coc",0.998509687
"218",1997,"coc","3",4,0,0.268018018,0.011261261,0.051801802,0.668918919,0,"coc",1
"220",1997,"coc","3",5,0,0.340292276,0.008350731,0,0.651356994,0,"coc",1.000000001
"222",1998,"sp","10",1,0.902743142,0.009975062,0,0.087281796,0,0,"sp",1
"224",1998,"sp","10",2,0.85770235,0.016971279,0,0.125326371,0,0,"sp",1
"226",1998,"sp","10",3,0.879941435,0.004392387,0,0.115666179,0,0,"sp",1.000000001
"228",1998,"sp","10",4,0.77700831,0,0.011080332,0.211911357,0,0,"sp",0.999999999
"230",1998,"sp","10",5,0.916129032,0,0,0.083870968,0,0,"sp",1
"232",1998,"sp","11",1,0.905821918,0.008561644,0,0.085616438,0,0,"sp",1
"234",1998,"sp","11",2,0.803738318,0.059813084,0,0.136448598,0,0,"sp",1
"236",1998,"sp","11",3,0.885470085,0.029059829,0,0.085470085,0,0,"sp",0.999999999
"238",1998,"sp","11",4,0.793220339,0.006779661,0,0.2,0,0,"sp",1
"240",1998,"sp","11",5,0.844559585,0,0,0.155440415,0,0,"sp",1
"242",1998,"sp","7",1,0.864814815,0,0,0.135185185,0,0,"sp",1
"244",1998,"sp","7",2,0.902930403,0.009157509,0,0.087912088,0,0,"sp",1
"246",1998,"sp","7",3,0.842105263,0.030852995,0,0.127041742,0,0,"sp",1
"248",1998,"sp","7",4,0.806262231,0,0,0.193737769,0,0,"sp",1
"250",1998,"sp","7",5,0.955284553,0,0,0.044715447,0,0,"sp",1
"252",1998,"sp","5",1,0.931216931,0.008818342,0,0.059964727,0,0,"sp",1
"254",1998,"sp","5",2,0.84040747,0.062818336,0,0.096774194,0,0,"sp",1
"256",1998,"sp","5",3,0.817813765,0,0.018218623,0.163967611,0,0,"sp",0.999999999
"258",1998,"sp","5",4,0.804088586,0,0,0.195911414,0,0,"sp",1
"260",1998,"sp","5",5,0.649918963,0.006482982,0,0.343598055,0,0,"sp",1
"262",1998,"coc","6",1,0.028818444,0.95389049,0,0,0.008645533,0.008645533,"coc",0.991354467
"264",1998,"coc","6",2,0.398550725,0.550724638,0.014492754,0,0.014492754,0.02173913,"coc",0.978260871
"266",1998,"coc","6",3,0.016042781,0.973262032,0,0,0.010695187,0,"coc",1
"268",1998,"coc","6",4,0.603305785,0.351239669,0.045454545,0,0,0,"coc",0.999999999
"270",1998,"coc","6",5,0,0.492307692,0,0,0.507692308,0,"coc",1
"272",1998,"coc","5",1,0,0.893004115,0.106995885,0,0,0,"coc",1
"274",1998,"coc","5",2,0.010615711,0.794055202,0.010615711,0,0.184713376,0,"coc",1
"276",1998,"coc","5",3,0.193181818,0.491477273,0.159090909,0,0.15625,0,"coc",1
"278",1998,"coc","5",4,0.17768595,0.710743802,0,0,0.111570248,0,"coc",1
"280",1998,"coc","5",5,0.286792453,0.713207547,0,0,0,0,"coc",1
"282",1998,"coc","3",1,0,0.245647969,0.005802708,0,0.744680851,0.003868472,"coc",0.996131528
"284",1998,"coc","3",2,0,0.40625,0.00390625,0.04296875,0.546875,0,"coc",1
"286",1998,"coc","3",3,0,0.161237785,0.006514658,0.009771987,0.82247557,0,"coc",1
"288",1998,"coc","3",4,0,0.213004484,0,0.024663677,0.762331839,0,"coc",1
"290",1998,"coc","3",5,0,0.314763231,0,0,0.685236769,0,"coc",1
"292",2001,"sp","10",1,0.597452229,0.152866242,0.007643312,0.242038217,0,0,"sp",1
"294",2001,"sp","10",2,0.832352941,0.05,0,0.117647059,0,0,"sp",1
"296",2001,"sp","10",3,0.769541779,0.066037736,0.006738544,0.157681941,0,0,"sp",1
"298",2001,"sp","10",4,0.912302071,0.029232643,0,0.058465286,0,0,"sp",1
"300",2001,"sp","10",5,0.813898704,0,0,0.186101296,0,0,"sp",1
"302",2001,"sp","11",1,0.807890223,0.008576329,0.017152659,0.166380789,0,0,"sp",1
"304",2001,"sp","11",2,0.898502496,0.006655574,0,0.09484193,0,0,"sp",1
"306",2001,"sp","11",3,0.758913413,0.030560272,0,0.210526316,0,0,"sp",1.000000001
"308",2001,"sp","11",4,0.79964539,0.003546099,0,0.196808511,0,0,"sp",1
"310",2001,"sp","11",5,0.888888889,0,0,0.111111111,0,0,"sp",1
"312",2001,"sp","7",1,0.899827288,0.027633851,0.01208981,0.06044905,0,0,"sp",0.999999999
"314",2001,"sp","7",2,0.807420495,0.01590106,0,0.176678445,0,0,"sp",1
"316",2001,"sp","7",3,0.830795262,0.015228426,0.03891709,0.115059222,0,0,"sp",1
"318",2001,"sp","7",4,0.885714286,0,0,0.114285714,0,0,"sp",1
"320",2001,"sp","7",5,0.84587156,0,0,0.15412844,0,0,"sp",1
"322",2001,"sp","5",1,0.889925373,0.005597015,0,0.104477612,0,0,"sp",1
"324",2001,"sp","5",2,0.82020202,0.016161616,0,0.163636364,0,0,"sp",1
"326",2001,"sp","5",3,0.9375,0.011824324,0,0.050675676,0,0,"sp",1
"328",2001,"sp","5",4,0.851851852,0,0,0.148148148,0,0,"sp",1
"330",2001,"sp","5",5,0.823051948,0.022727273,0,0.154220779,0,0,"sp",1
"332",2001,"coc","6",1,0,0.970464135,0.029535865,0,0,0,"coc",1
"334",2001,"coc","6",2,0,0.81300813,0.056910569,0,0.105691057,0.024390244,"coc",0.975609756
"336",2001,"coc","6",3,0.392857143,0.511904762,0.011904762,0,0.029761905,0.053571429,"coc",0.946428572
"338",2001,"coc","6",4,0.351973684,0.532894737,0.013157895,0,0.101973684,0,"coc",1
"340",2001,"coc","6",5,0,0.562913907,0.119205298,0,0.317880795,0,"coc",1
"342",2001,"coc","5",1,0.041269841,0.641269841,0,0,0.317460317,0,"coc",0.999999999
"344",2001,"coc","5",2,0,0.743341404,0.099273608,0,0.157384988,0,"coc",1
"346",2001,"coc","5",3,0,0.582608696,0.269565217,0,0.147826087,0,"coc",1
"348",2001,"coc","5",4,0.074660633,0.701357466,0.024886878,0,0.199095023,0,"coc",1
"350",2001,"coc","5",5,0.668789809,0.242038217,0,0,0.089171975,0,"coc",1.000000001
"352",2001,"coc","3",1,0,0.308571429,0.002857143,0,0.688571429,0,"coc",1.000000001
"354",2001,"coc","3",2,0,0.342364532,0,0,0.657635468,0,"coc",1
"356",2001,"coc","3",3,0,0.314285714,0.030612245,0.048979592,0.606122449,0,"coc",1
"358",2001,"coc","3",4,0,0.529832936,0.028639618,0.116945107,0.324582339,0,"coc",1
"360",2001,"coc","3",5,0,0.071186441,0,0,0.928813559,0,"coc",1
"362",2002,"sp","10",1,0.863123994,0.056360709,0,0.080515298,0,0,"sp",1.000000001
"364",2002,"sp","10",2,0.761674718,0.162640902,0.006441224,0.069243156,0,0,"sp",1
"366",2002,"sp","10",3,0.803542673,0.077294686,0,0.119162641,0,0,"sp",1
"368",2002,"sp","10",4,0.884057971,0.032206119,0.006441224,0.077294686,0,0,"sp",1
"370",2002,"sp","10",5,0.745571659,0,0,0.254428341,0,0,"sp",1
"372",2002,"sp","11",1,0.819964349,0.032085561,0,0.147950089,0,0,"sp",0.999999999
"374",2002,"sp","11",2,0.904892027,0.033371219,0,0.061736754,0,0,"sp",1
"376",2002,"sp","11",3,0.961165049,0.015533981,0,0.023300971,0,0,"sp",1.000000001
"378",2002,"sp","11",4,0.768398268,0,0,0.231601732,0,0,"sp",1
"380",2002,"sp","11",5,0.929515419,0,0,0.070484581,0,0,"sp",1
"382",2002,"sp","7",1,0.967032967,0,0,0.032967033,0,0,"sp",1
"384",2002,"sp","7",2,0.809977068,0.046864194,0.013185673,0.129973064,0,0,"sp",0.999999999
"386",2002,"sp","7",3,0.847866419,0.06864564,0,0.083487941,0,0,"sp",1
"388",2002,"sp","7",4,0.590381973,0.163416103,0.044814473,0.201387451,0,0,"sp",1
"390",2002,"sp","7",5,0.893424223,0,0,0.106575777,0,0,"sp",1
"392",2002,"sp","5",1,0.860517958,0.007642852,0,0.13183919,0,0,"sp",1
"394",2002,"sp","5",2,0.871143376,0.010889292,0,0.117967332,0,0,"sp",1
"396",2002,"sp","5",3,0.789667897,0.038745387,0,0.171586716,0,0,"sp",1
"398",2002,"sp","5",4,0.735607676,0.036247335,0,0.228144989,0,0,"sp",1
"400",2002,"sp","5",5,0.86622807,0,0,0.13377193,0,0,"sp",1
"402",2002,"coc","6",1,0.10880829,0.756476684,0.041450777,0.062176166,0.031088083,0,"coc",1
"404",2002,"coc","6",2,0.231884058,0.743961353,0,0,0.024154589,0,"coc",1
"406",2002,"coc","6",3,0.366906475,0.489208633,0.035971223,0,0.107913669,0,"coc",1
"408",2002,"coc","6",4,0.467605634,0.509859155,0.014084507,0,0.008450704,0,"coc",1
"410",2002,"coc","6",5,0.007042254,0.732394366,0,0,0.26056338,0,"coc",1
"412",2002,"coc","5",1,0.055793991,0.605150215,0.068669528,0,0.270386266,0,"coc",1
"414",2002,"coc","5",2,0.055555556,0.613333333,0.033333333,0,0.297777778,0,"coc",1
"416",2002,"coc","5",3,0.009208103,0.679558011,0.152854512,0,0.158379374,0,"coc",1
"418",2002,"coc","5",4,0.134920635,0.668650794,0.109126984,0,0.087301587,0,"coc",1
"420",2002,"coc","5",5,0.142372881,0.583050847,0.016949153,0,0.257627119,0,"coc",1
"422",2002,"coc","3",1,0,0.53814433,0.004123711,0.028865979,0.428865979,0,"coc",0.999999999
"424",2002,"coc","3",2,0,0.219758065,0.004032258,0.080645161,0.695564516,0,"coc",1
"426",2002,"coc","3",3,0,0.493303571,0.020089286,0,0.486607143,0,"coc",1
"428",2002,"coc","3",4,0,0.379828326,0.051502146,0.045064378,0.52360515,0,"coc",1
"430",2002,"coc","3",5,0,0.519662921,0.014044944,0,0.466292135,0,"coc",1
"432",2006,"sp","12",1,1,0,0,0,0,0,"sp",1
"434",2006,"sp","12",2,0.512195122,0.097560976,0,0.390243902,0,0,"sp",1
"436",2006,"sp","12",3,1,0,0,0,0,0,"sp",1
"438",2006,"sp","12",4,1,0,0,0,0,0,"sp",1
"440",2006,"sp","12",5,0.920634921,0,0,0.079365079,0,0,"sp",1
"442",2006,"sp","10",1,0.968067227,0.031932773,0,0,0,0,"sp",1
"444",2006,"sp","10",2,1,0,0,0,0,0,"sp",1
"446",2006,"sp","10",3,1,0,0,0,0,0,"sp",1
"448",2006,"sp","10",4,1,0,0,0,0,0,"sp",1
"450",2006,"sp","10",5,1,0,0,0,0,0,"sp",1
"452",2006,"sp","7",1,1,0,0,0,0,0,"sp",1
"454",2006,"sp","7",2,1,0,0,0,0,0,"sp",1
"456",2006,"sp","7",3,0.993485342,0.006514658,0,0,0,0,"sp",1
"458",2006,"sp","7",4,0.993558776,0.006441224,0,0,0,0,"sp",1
"460",2006,"sp","7",5,0.987012987,0.012987013,0,0,0,0,"sp",1
"462",2006,"sp","5",1,1,0,0,0,0,0,"sp",1
"464",2006,"sp","5",2,1,0,0,0,0,0,"sp",1
"466",2006,"sp","5",3,0.993537964,0.006462036,0,0,0,0,"sp",1
"468",2006,"sp","5",4,0.995169082,0,0,0.004830918,0,0,"sp",1
"470",2006,"sp","5",5,0.988727858,0.003220612,0,0.00805153,0,0,"sp",1
"472",2006,"sp","4",1,1,0,0,0,0,0,"sp",1
"474",2006,"sp","4",2,1,0,0,0,0,0,"sp",1
"476",2006,"sp","4",3,1,0,0,0,0,0,"sp",1
"478",2006,"sp","4",4,1,0,0,0,0,0,"sp",1
"480",2006,"sp","4",5,1,0,0,0,0,0,"sp",1
"482",2006,"coc","6",1,0.055900621,0.869565217,0.049689441,0,0,0.02484472,"coc",0.975155279
"484",2006,"coc","6",2,0,0.768518519,0.111111111,0,0,0.12037037,"coc",0.87962963
"486",2006,"coc","6",3,0.35042735,0.435897436,0,0,0.213675214,0,"coc",1
"488",2006,"coc","6",4,0,0.974440895,0.025559105,0,0,0,"coc",1
"490",2006,"coc","6",5,0.306220096,0.679425837,0,0,0,0.014354067,"coc",0.985645933
"492",2006,"coc","5",1,0,0.985835694,0.014164306,0,0,0,"coc",1
"494",2006,"coc","5",2,0,0.936241611,0.063758389,0,0,0,"coc",1
"496",2006,"coc","5",3,0,1,0,0,0,0,"coc",1
"498",2006,"coc","5",4,0.426573427,0.020979021,0.276223776,0.013986014,0.262237762,0,"coc",1
"500",2006,"coc","5",5,0.524475524,0.247086247,0.020979021,0,0.207459207,0,"coc",0.999999999
"502",2006,"coc","3",1,0.525316456,0.424050633,0.03164557,0.018987342,0,0,"coc",1.000000001
"504",2006,"coc","3",2,0.30017452,0.181500873,0.022687609,0.008726003,0.486910995,0,"coc",1
"506",2006,"coc","3",3,0,1,0,0,0,0,"coc",1
"508",2006,"coc","3",4,0.004950495,0.163366337,0.00660066,0,0.825082508,0,"coc",1
"510",2006,"coc","3",5,0.022727273,0.242424242,0,0.005050505,0.72979798,0,"coc",1
"512",2006,"lara","10",1,0.992805755,0,0,0.007194245,0,0,"lara",1
"514",2006,"lara","10",2,0.422155689,0.523952096,0,0.053892216,0,0,"lara",1.000000001
"516",2006,"lara","10",3,0.792569659,0.176470588,0,0.030959752,0,0,"lara",0.999999999
"518",2006,"lara","10",4,0.934065934,0,0,0.065934066,0,0,"lara",1
"520",2006,"lara","10",5,0.789772727,0.167613636,0,0.042613636,0,0,"lara",0.999999999
"522",2006,"lara","7",1,0.857142857,0,0,0.142857143,0,0,"lara",1
"524",2006,"lara","7",2,0.919449902,0,0,0.080550098,0,0,"lara",1
"526",2006,"lara","7",3,0.902489627,0.039419087,0,0.058091286,0,0,"lara",1
"528",2006,"lara","7",4,0.938818565,0,0,0.061181435,0,0,"lara",1
"530",2006,"lara","7",5,0.922907489,0.019823789,0,0.057268722,0,0,"lara",1
"532",2006,"lara","4",1,0.835051546,0,0,0.164948454,0,0,"lara",1
"534",2006,"lara","4",2,0.708029197,0,0,0.291970803,0,0,"lara",1
"536",2006,"lara","4",3,0.768392371,0,0,0.231607629,0,0,"lara",1
"538",2006,"lara","4",4,0.795719844,0,0,0.204280156,0,0,"lara",1
"540",2006,"lara","4",5,0.833984375,0,0,0.166015625,0,0,"lara",1
"542",2006,"gol","10",1,0,0,0,0,1,0,"gol",1
"544",2006,"gol","10",2,0,0,0,0,1,0,"gol",1
"546",2006,"gol","10",3,0,0,0,0,1,0,"gol",1
"548",2006,"gol","10",4,0,0.591439689,0,0,0.408560311,0,"gol",1
"550",2006,"gol","10",5,0,0.275071633,0,0,0.724928367,0,"gol",1
"552",2006,"gol","8",1,0,0.581896552,0.021551724,0,0.396551724,0,"gol",1
"554",2006,"gol","8",2,0.495575221,0.380530973,0.088495575,0.03539823,0,0,"gol",0.999999999
"556",2006,"gol","8",3,0.788732394,0.14084507,0.042253521,0.028169014,0,0,"gol",0.999999999
"558",2006,"gol","8",4,0.3930131,0.524017467,0.030567686,0.052401747,0,0,"gol",1
"560",2006,"gol","8",5,0.443965517,0.452586207,0,0.012931034,0.090517241,0,"gol",0.999999999
"562",2006,"gol","12",1,0,0.972508591,0.027491409,0,0,0,"golb",1
"564",2006,"gol","12",2,0,0.989189189,0.010810811,0,0,0,"golb",1
"566",2006,"gol","12",3,0,0.962343096,0,0,0,0.037656904,"golb",0.962343096
"568",2006,"gol","12",4,0,1,0,0,0,0,"golb",1
"570",2006,"gol","12",5,0,0.966480447,0.016759777,0,0,0.016759777,"golb",0.983240224
"572",2006,"gol","10",1,0,1,0,0,0,0,"golb",1
"574",2006,"gol","10",2,0,0.99113082,0.00886918,0,0,0,"golb",1
"576",2006,"gol","10",3,0.45646438,0.527704485,0,0,0,0.015831135,"golb",0.984168865
"578",2006,"gol","10",4,0,1,0,0,0,0,"golb",1
"580",2006,"gol","10",5,0.029925187,0.957605985,0.004987531,0,0,0.007481297,"golb",0.992518703
"582",2006,"gol","8",1,0.234939759,0.725903614,0,0.039156627,0,0,"golb",1
"584",2006,"gol","8",2,0.421338156,0.578661844,0,0,0,0,"golb",1
"586",2006,"gol","8",3,0.47260274,0.52739726,0,0,0,0,"golb",1
"588",2006,"gol","8",4,0,1,0,0,0,0,"golb",1
"590",2006,"gol","8",5,0.29009434,0.702830189,0,0.007075472,0,0,"golb",1.000000001
"592",2006,"mm","7",1,0.989795918,0,0,0,0,0.010204082,"mm",0.989795918
"594",2006,"mm","7",2,0.994680851,0,0,0,0,0.005319149,"mm",0.994680851
"596",2006,"mm","7",3,1,0,0,0,0,0,"mm",1
"598",2006,"mm","7",4,0.885365854,0.041463415,0,0.073170732,0,0,"mm",1.000000001
"600",2006,"mm","7",5,0.915129151,0.046125461,0,0.035055351,0,0.003690037,"mm",0.996309963
"602",2006,"mm","5",1,1,0,0,0,0,0,"mm",1
"604",2006,"mm","5",2,0.968523002,0.031476998,0,0,0,0,"mm",1
"606",2006,"mm","5",3,0.577639752,0.422360248,0,0,0,0,"mm",1
"608",2006,"mm","5",4,0.8,0.173333333,0,0.026666667,0,0,"mm",1
"610",2006,"mm","5",5,0.843803056,0.142614601,0,0.013582343,0,0,"mm",1
"612",2006,"pel","7",1,0.052631579,0.947368421,0,0,0,0,"pel",1
"614",2006,"pel","7",2,0,0.973837209,0.026162791,0,0,0,"pel",1
"616",2006,"pel","7",3,0.331034483,0.603448276,0.05862069,0.006896552,0,0,"pel",1.000000001
"618",2006,"pel","7",4,0.265363128,0.701117318,0.033519553,0,0,0,"pel",0.999999999
"620",2006,"pel","7",5,0.227027027,0.747747748,0.01981982,0.005405405,0,0,"pel",1
"622",2006,"pel","5",1,0.091205212,0.908794788,0,0,0,0,"pel",1
"624",2006,"pel","5",2,0.011152416,0.988847584,0,0,0,0,"pel",1
"626",2006,"pel","5",3,0.05065666,0.934333959,0,0.015009381,0,0,"pel",1
"628",2006,"pel","5",4,0,1,0,0,0,0,"pel",1
"630",2006,"pel","5",5,0.06122449,0.918367347,0,0.020408163,0,0,"pel",1
"632",2007,"coc","4",1,0,1,0,0,0,0,"coc",1
"634",2007,"coc","4",2,0,1,0,0,0,0,"coc",1
"636",2007,"coc","4",3,0.029962547,0.925093633,0.04494382,0,0,0,"coc",1
"638",2007,"coc","4",4,0,0.733624454,0.034934498,0,0.231441048,0,"coc",1
"640",2007,"coc","4",5,0,0.853383459,0.022556391,0,0.12406015,0,"coc",1
"642",2007,"coc","4",1,0,0.28313253,0,0,0.71686747,0,"coc",1
"644",2007,"coc","4",2,0,0.079754601,0,0,0.920245399,0,"coc",1
"646",2007,"coc","4",3,0,0.562264151,0.037735849,0,0.4,0,"coc",1
"648",2007,"coc","4",4,0,0.165170557,0,0,0.834829443,0,"coc",1
"650",2007,"coc","4",5,0,0.037623762,0,0,0.962376238,0,"coc",1
"652",2007,"coc","4",1,0.120786517,0.241573034,0,0,0.637640449,0,"coc",1
"654",2007,"coc","4",2,0,0.828054299,0,0,0.171945701,0,"coc",1
"656",2007,"coc","4",3,0,0.991643454,0.008356546,0,0,0,"coc",1
"658",2007,"coc","4",4,0.213017751,0.727810651,0.035502959,0.023668639,0,0,"coc",1
"660",2007,"coc","4",5,0.486772487,0.513227513,0,0,0,0,"coc",1
"662",2007,"gol","6",1,0.730853392,0.269146608,0,0,0,0,"gol",1
"664",2007,"gol","6",2,0.879795396,0.099744246,0,0.020460358,0,0,"gol",1
"666",2007,"gol","6",3,0.970108696,0,0,0.029891304,0,0,"gol",1
"668",2007,"gol","6",4,0.971608833,0,0,0.028391167,0,0,"gol",1
"670",2007,"gol","6",5,0.964769648,0,0,0.035230352,0,0,"gol",1
"672",2007,"gol","3",1,0.821763602,0,0,0.178236398,0,0,"gol",1
"674",2007,"gol","3",2,0.8,0,0,0.2,0,0,"gol",1
"676",2007,"gol","3",3,0.850277264,0,0,0.149722736,0,0,"gol",1
"678",2007,"gol","3",4,0.523904382,0.065737052,0,0.410358566,0,0,"gol",1
"680",2007,"gol","3",5,0.890410959,0,0,0.109589041,0,0,"gol",1
"682",2007,"gol","3",1,0.936131387,0,0,0.063868613,0,0,"gol",1
"684",2007,"gol","3",2,0.80078125,0,0,0.19921875,0,0,"gol",1
"686",2007,"gol","3",3,0.943248532,0,0,0.056751468,0,0,"gol",1
"688",2007,"gol","3",4,0.929090909,0,0,0.070909091,0,0,"gol",1
"690",2007,"gol","3",5,0.7039801,0,0,0.2960199,0,0,"gol",1
"692",2007,"sp","9",1,0.975308642,0,0,0.024691358,0,0,"sp",1
"694",2007,"sp","9",2,0.994129159,0,0,0.005870841,0,0,"sp",1
"696",2007,"sp","9",3,0.992792793,0,0,0.007207207,0,0,"sp",1
"698",2007,"sp","9",4,0.994328922,0,0,0.005671078,0,0,"sp",1
"700",2007,"sp","9",5,1,0,0,0,0,0,"sp",1
"702",2007,"sp","8",1,0.998366013,0,0,0.001633987,0,0,"sp",1
"704",2007,"sp","8",2,1,0,0,0,0,0,"sp",1
"706",2007,"sp","8",3,1,0,0,0,0,0,"sp",1
"708",2007,"sp","8",4,0.994854202,0,0,0.005145798,0,0,"sp",1
"710",2007,"sp","8",5,0.994932432,0,0,0.005067568,0,0,"sp",1
"712",2007,"sp","5",1,0.986111111,0,0,0.013888889,0,0,"sp",1
"714",2007,"sp","5",2,1,0,0,0,0,0,"sp",1
"716",2007,"sp","5",3,0.995555556,0,0,0.004444444,0,0,"sp",1
"718",2007,"sp","5",4,1,0,0,0,0,0,"sp",1
"720",2007,"sp","5",5,1,0,0,0,0,0,"sp",1
"722",2008,"sp","9",1,1,0,0,0,0,0,"sp",1
"724",2008,"sp","9",2,1,0,0,0,0,0,"sp",1
"726",2008,"sp","9",3,0.967984934,0,0,0.032015066,0,0,"sp",1
"728",2008,"sp","9",4,1,0,0,0,0,0,"sp",1
"730",2008,"sp","9",5,1,0,0,0,0,0,"sp",1
"732",2008,"sp","12",1,1,0,0,0,0,0,"sp",1
"734",2008,"sp","12",2,0.681818182,0,0,0.318181818,0,0,"sp",1
"736",2008,"sp","12",3,0.76,0,0,0.24,0,0,"sp",1
"738",2008,"sp","12",4,1,0,0,0,0,0,"sp",1
"740",2008,"sp","12",5,0.842105263,0,0,0.157894737,0,0,"sp",1
"742",2008,"sp","8",1,0.971947195,0.028052805,0,0,0,0,"sp",1
"744",2008,"sp","8",2,1,0,0,0,0,0,"sp",1
"746",2008,"sp","8",3,1,0,0,0,0,0,"sp",1
"748",2008,"sp","8",4,0.966911765,0.033088235,0,0,0,0,"sp",1
"750",2008,"sp","8",5,0.926356589,0.073643411,0,0,0,0,"sp",1
"752",2008,"sp","7",1,1,0,0,0,0,0,"sp",1
"754",2008,"sp","7",2,1,0,0,0,0,0,"sp",1
"756",2008,"sp","7",3,1,0,0,0,0,0,"sp",1
"758",2008,"sp","7",4,1,0,0,0,0,0,"sp",1
"760",2008,"sp","7",5,1,0,0,0,0,0,"sp",1
"762",2008,"sp","5",1,1,0,0,0,0,0,"sp",1
"764",2008,"sp","5",2,1,0,0,0,0,0,"sp",1
"766",2008,"sp","5",3,0.988727858,0,0,0.011272142,0,0,"sp",1
"768",2008,"sp","5",4,0.990338164,0,0,0.009661836,0,0,"sp",1
"770",2008,"sp","5",5,0.972267537,0,0,0.027732463,0,0,"sp",1
"772",2008,"sp","5",6,0.93289689,0,0,0.06710311,0,0,"sp",1
"774",2008,"sp","5",7,1,0,0,0,0,0,"sp",1
"776",2008,"sp","5",8,0.913621262,0,0,0.086378738,0,0,"sp",1
"778",2008,"sp","5",9,0.96969697,0,0,0.03030303,0,0,"sp",1
"780",2008,"sp","5",10,0.975490196,0,0,0.024509804,0,0,"sp",1
"782",2008,"sp","5",11,0.987117552,0,0,0.012882448,0,0,"sp",1
"784",2008,"sp","5",12,1,0,0,0,0,0,"sp",1
"786",2008,"sp","5",13,1,0,0,0,0,0,"sp",1
"788",2008,"sp","5",14,1,0,0,0,0,0,"sp",1
"790",2008,"sp","5",15,1,0,0,0,0,0,"sp",1
"792",2008,"sp","3",1,1,0,0,0,0,0,"sp",1
"794",2008,"sp","3",2,1,0,0,0,0,0,"sp",1
"796",2008,"sp","3",3,1,0,0,0,0,0,"sp",1
"798",2008,"sp","3",4,0.956521739,0,0,0.043478261,0,0,"sp",1
"800",2008,"sp","3",5,0.933977456,0,0,0.066022544,0,0,"sp",1
"802",2008,"sp","4",1,0.969178082,0,0,0.030821918,0,0,"sp",1
"804",2008,"sp","4",2,1,0,0,0,0,0,"sp",1
"806",2008,"sp","4",3,1,0,0,0,0,0,"sp",1
"808",2008,"sp","4",4,0.983455882,0,0,0.016544118,0,0,"sp",1
"810",2008,"sp","4",5,1,0,0,0,0,0,"sp",1
"812",2008,"sp","5",16,1,0,0,0,0,0,"sp",1
"814",2008,"sp","5",17,0.982084691,0,0,0.017915309,0,0,"sp",1
"816",2008,"sp","5",18,1,0,0,0,0,0,"sp",1
"818",2008,"sp","5",19,1,0,0,0,0,0,"sp",1
"820",2008,"sp","5",20,1,0,0,0,0,0,"sp",1
"822",2008,"sp","5",21,1,0,0,0,0,0,"sp",1
"824",2008,"sp","5",22,1,0,0,0,0,0,"sp",1
"826",2008,"sp","5",23,1,0,0,0,0,0,"sp",1
"828",2008,"sp","5",24,1,0,0,0,0,0,"sp",1
"830",2008,"sp","5",25,1,0,0,0,0,0,"sp",1
"832",2008,"gol","8",1,0,0,0,0,1,0,"gol",1
"834",2008,"gol","8",2,0,0.093023256,0,0,0.906976744,0,"gol",1
"836",2008,"gol","8",3,0,0.25,0,0,0.75,0,"gol",1
"838",2008,"gol","8",4,0,0.190871369,0,0,0.809128631,0,"gol",1
"840",2008,"gol","8",5,0,0,0,0,1,0,"gol",1
"842",2008,"gol","8",6,0,1,0,0,0,0,"gol",1
"844",2008,"gol","8",7,0.198237885,0.669603524,0.030837004,0.101321586,0,0,"gol",0.999999999
"846",2008,"gol","8",8,0.088888889,0.888888889,0.022222222,0,0,0,"gol",1
"848",2008,"gol","8",9,0.164835165,0.835164835,0,0,0,0,"gol",1
"850",2008,"gol","8",10,0.724137931,0.231034483,0.044827586,0,0,0,"gol",1
"852",2008,"gol","8",11,0,1,0,0,0,0,"gol",1
"854",2008,"gol","8",12,0,0.962566845,0.037433155,0,0,0,"gol",1
"856",2008,"gol","8",13,0,0.98568873,0.01431127,0,0,0,"gol",1
"858",2008,"gol","8",14,0.02173913,0.97826087,0,0,0,0,"gol",1
"860",2008,"gol","8",15,0,0.990990991,0,0,0,0.009009009,"gol",0.990990991
"862",2008,"gol","8",16,0.54965358,0.45034642,0,0,0,0,"gol",1
"864",2008,"gol","8",17,0.107142857,0.857142857,0,0.025,0,0.010714286,"gol",0.989285714
"866",2008,"gol","8",18,0,0.991150442,0,0,0,0.008849558,"gol",0.991150442
"868",2008,"gol","8",19,0,1,0,0,0,0,"gol",1
"870",2008,"gol","8",20,0.197943445,0.802056555,0,0,0,0,"gol",1
"872",2008,"coc","4",1,0,1,0,0,0,0,"coc",1
"874",2008,"coc","4",2,0,1,0,0,0,0,"coc",1
"876",2008,"coc","4",3,0,1,0,0,0,0,"coc",1
"878",2008,"coc","4",4,0,1,0,0,0,0,"coc",1
"880",2008,"coc","4",5,0.075630252,0.924369748,0,0,0,0,"coc",1
"882",2008,"coc","4",6,0,1,0,0,0,0,"coc",1
"884",2008,"coc","4",7,0,1,0,0,0,0,"coc",1
"886",2008,"coc","4",8,0,0.602649007,0,0,0.397350993,0,"coc",1
"888",2008,"coc","4",9,0,0.549295775,0,0,0.450704225,0,"coc",1
"890",2008,"coc","4",10,0,0.156716418,0,0,0.843283582,0,"coc",1
"892",2008,"coc","3",1,0,0.107142857,0,0,0.892857143,0,"coc",1
"894",2008,"coc","3",2,0,0,0.029850746,0,0.970149254,0,"coc",1
"896",2008,"coc","3",3,0.80952381,0.077380952,0.023809524,0,0.089285714,0,"coc",1
"898",2008,"coc","3",4,0,0.511627907,0.063122924,0,0.425249169,0,"coc",1
"900",2008,"coc","3",5,0,0.956375839,0.043624161,0,0,0,"coc",1
"902",2008,"pel","6",1,0.088452088,0.891891892,0.01965602,0,0,0,"pel",1
"904",2008,"pel","6",2,0.437956204,0.515815085,0.04622871,0,0,0,"pel",0.999999999
"906",2008,"pel","6",3,0.286885246,0.696721311,0.016393443,0,0,0,"pel",1
"908",2008,"pel","6",4,0.234615385,0.692307692,0.030769231,0.042307692,0,0,"pel",1
"910",2008,"pel","6",5,0.221893491,0.75443787,0.023668639,0,0,0,"pel",1
"912",2008,"pel","6",6,0.194214876,0.805785124,0,0,0,0,"pel",1
"914",2008,"pel","6",7,0,0.979381443,0.020618557,0,0,0,"pel",1
"916",2008,"pel","6",8,0,1,0,0,0,0,"pel",1
"918",2008,"pel","6",9,0.142857143,0.714285714,0.086309524,0.056547619,0,0,"pel",1
"920",2008,"pel","6",10,0.209497207,0.759776536,0.030726257,0,0,0,"pel",1
"922",2008,"mm","3",1,0.406976744,0.593023256,0,0,0,0,"mm",1
"924",2008,"mm","3",2,1,0,0,0,0,0,"mm",1
"926",2008,"mm","3",3,1,0,0,0,0,0,"mm",1
"928",2008,"mm","3",4,0.046822742,0.953177258,0,0,0,0,"mm",1
"930",2008,"mm","3",5,0.846394984,0.153605016,0,0,0,0,"mm",1
"932",2008,"mm","3",6,1,0,0,0,0,0,"mm",1
"934",2008,"mm","3",7,0.984455959,0,0,0,0,0.015544041,"mm",0.984455959
"936",2008,"mm","3",8,0.99270073,0,0,0,0,0.00729927,"mm",0.99270073
"938",2008,"mm","3",9,0.995918367,0,0,0,0,0.004081633,"mm",0.995918367
"940",2008,"mm","3",10,1,0,0,0,0,0,"mm",1
"942",2009,"sp","10",1,0,0,0,0,0,0,"sp",0
"944",2009,"sp","10",2,0,0,0,1,0,0,"sp",1
"946",2009,"sp","10",3,0,0,0,0,0,0,"sp",0
"948",2009,"sp","10",4,0,0,0,0,0,0,"sp",0
"950",2009,"sp","10",5,0,0,0,0,0,0,"sp",0
"952",2009,"sp","11",1,0,0,0,0,0,0,"sp",0
"954",2009,"sp","11",2,0,0,0,0,0,0,"sp",0
"956",2009,"sp","11",3,0,0,0,0,0,0,"sp",0
"958",2009,"sp","11",4,0,0,0,0,0,0,"sp",0
"960",2009,"sp","11",5,0,0,0,0,0,0,"sp",0
"962",2009,"sp","7",1,0,0,0,0,0,0,"sp",0
"964",2009,"sp","7",2,0,0,0,0,0,0,"sp",0
"966",2009,"sp","7",3,0,0,0,0,0,0,"sp",0
"968",2009,"sp","7",4,0,0,0,0,0,0,"sp",0
"970",2009,"sp","7",5,0,0,0,0,0,0,"sp",0
"972",2009,"sp","5",1,0,0,0,0,0,0,"sp",0
"974",2009,"sp","5",2,0,0,0,0,0,0,"sp",0
"976",2009,"sp","5",3,0,0,0,0,0,0,"sp",0
"978",2009,"sp","5",4,0,0,0,1,0,0,"sp",1
"980",2009,"sp","5",5,0,0,0,0,0,0,"sp",0
"982",2009,"gol","10",1,0,0,0,0,0,0,"gol",0
"984",2009,"gol","10",2,0,0,0,0,0,0,"gol",0
"986",2009,"gol","10",3,0,1,0,0,0,0,"gol",1
"988",2009,"gol","10",4,0,0,0,0,0,0,"gol",0
"990",2009,"gol","10",5,0,0.714285714,0,0,0.285714286,0,"gol",1
"992",2009,"gol","10",6,0,0.987012987,0,0.012987013,0,0,"gol",1
"994",2009,"gol","10",7,0,0.981308411,0,0.018691589,0,0,"gol",1
"996",2009,"gol","10",8,0,1,0,0,0,0,"gol",1
"998",2009,"gol","10",9,0,1,0,0,0,0,"gol",1
"1000",2009,"gol","10",10,0,1,0,0,0,0,"gol",1
"1002",2009,"gol","10",11,0,1,0,0,0,0,"gol",1
"1004",2009,"gol","10",12,0,1,0,0,0,0,"gol",1
"1006",2009,"gol","10",13,0,0.987124464,0.012875536,0,0,0,"gol",1
"1008",2009,"gol","10",14,0,0.969465649,0,0,0,0.030534351,"gol",0.969465649
"1010",2009,"gol","10",15,0,1,0,0,0,0,"gol",1
"1012",2009,"gol","10",16,0,1,0,0,0,0,"gol",1
"1014",2009,"gol","10",17,0,1,0,0,0,0,"gol",1
"1016",2009,"gol","10",18,0,0,0,0,0,0,"gol",0
"1018",2009,"gol","10",19,0,0,0,0,0,0,"gol",0
"1020",2009,"gol","10",20,0,0,0,0,0,0,"gol",0
"1022",2009,"gol","10",21,0,1,0,0,0,0,"gol",1
"1024",2009,"gol","10",22,0,1,0,0,0,0,"gol",1
"1026",2009,"gol","10",23,0,0.925925926,0.074074074,0,0,0,"gol",1
"1028",2009,"gol","10",24,0,0.970873786,0,0.029126214,0,0,"gol",1
"1030",2009,"gol","10",25,0,0.923076923,0,0.076923077,0,0,"gol",1
"1032",2009,"lara","8",1,0,1,0,0,0,0,"lara",1
"1034",2009,"lara","8",2,0,1,0,0,0,0,"lara",1
"1036",2009,"lara","8",3,0,0.967741935,0,0.032258065,0,0,"lara",1
"1038",2009,"lara","8",4,0,0.911111111,0,0.088888889,0,0,"lara",1
"1040",2009,"lara","8",5,0,0.433333333,0,0.566666667,0,0,"lara",1
"1042",2009,"lara","8",6,0,0.984251969,0,0.015748031,0,0,"lara",1
"1044",2009,"lara","8",7,0,0,0,1,0,0,"lara",1
"1046",2009,"lara","8",8,0,0,0,0,0,0,"lara",0
"1048",2009,"lara","8",9,0,0,0,1,0,0,"lara",1
"1050",2009,"lara","8",10,0,0,0,0,0,0,"lara",0
"1052",2009,"lara","4",1,0,0,0,1,0,0,"lara",1
"1054",2009,"lara","4",2,0,0,0,1,0,0,"lara",1
"1056",2009,"lara","4",3,0,0,0,1,0,0,"lara",1
"1058",2009,"lara","4",4,0,0,0,1,0,0,"lara",1
"1060",2009,"lara","4",5,0,0,0,1,0,0,"lara",1
"1062",2009,"lara","4",6,0,0,0,1,0,0,"lara",1
"1064",2009,"lara","4",7,0,0,0,0,0,0,"lara",0
"1066",2009,"lara","4",8,0,0,0,0,0,0,"lara",0
"1068",2009,"lara","4",9,0,0,0,1,0,0,"lara",1
"1070",2009,"lara","4",10,0,0,0,1,0,0,"lara",1
"1072",2009,"lara","4",11,0,0,0,0,0,0,"lara",0
"1074",2009,"lara","4",12,0,0,0,0,0,0,"lara",0
"1076",2009,"lara","4",13,0,0,0,1,0,0,"lara",1
"1078",2009,"lara","4",14,0,0,0,0,0,0,"lara",0
"1080",2009,"lara","4",15,0,0,0,0,0,0,"lara",0
"1082",2009,"pel","6",1,0,0,0,0,0,0,"pel",0
"1084",2009,"pel","6",2,0,1,0,0,0,0,"pel",1
"1086",2009,"pel","6",3,0,0.917647059,0.082352941,0,0,0,"pel",1
"1088",2009,"pel","6",4,0,0.971428571,0.028571429,0,0,0,"pel",1
"1090",2009,"pel","6",5,0,0.974576271,0.025423729,0,0,0,"pel",1
"1092",2009,"pel","6",6,0,1,0,0,0,0,"pel",1
"1094",2009,"pel","6",7,0,0.866666667,0.133333333,0,0,0,"pel",1
"1096",2009,"pel","6",8,0,0.924050633,0.075949367,0,0,0,"pel",1
"1098",2009,"pel","6",9,0,1,0,0,0,0,"pel",1
"1100",2009,"pel","6",10,0,1,0,0,0,0,"pel",1
"1102",2009,"pel","6",11,0,1,0,0,0,0,"pel",1
"1104",2009,"pel","6",12,0,0.845070423,0.154929577,0,0,0,"pel",1
"1106",2009,"pel","6",13,0,0.842857143,0.157142857,0,0,0,"pel",1
"1108",2009,"pel","6",14,0,0.891891892,0.108108108,0,0,0,"pel",1
"1110",2009,"pel","6",15,0,0,1,0,0,0,"pel",1
"1112",2009,"coc","6",1,0,1,0,0,0,0,"coc",1
"1114",2009,"coc","6",2,0,1,0,0,0,0,"coc",1
"1116",2009,"coc","6",3,0,1,0,0,0,0,"coc",1
"1118",2009,"coc","6",4,0,0.979381443,0.020618557,0,0,0,"coc",1
"1120",2009,"coc","6",5,0,1,0,0,0,0,"coc",1
"1122",2009,"coc","4",1,0,1,0,0,0,0,"coc",1
"1124",2009,"coc","4",2,0,1,0,0,0,0,"coc",1
"1126",2009,"coc","4",3,0,0,1,0,0,0,"coc",1
"1128",2009,"coc","4",4,0,0,0,0,0,0,"coc",0
"1130",2009,"coc","4",5,0,0,0,0,0,0,"coc",0
"1132",2009,"coc","2",1,0,0.882352941,0.117647059,0,0,0,"coc",1
"1134",2009,"coc","2",2,0,0.308641975,0,0,0.691358025,0,"coc",1
"1136",2009,"coc","2",3,0,0.179104478,0,0,0.820895522,0,"coc",1
"1138",2009,"coc","2",4,0,0,0.230769231,0,0.769230769,0,"coc",1
"1140",2009,"coc","2",5,0,0,1,0,0,0,"coc",1
"1142",2009,"mm","4",1,0,0,0,0,0,0,"mm",0
"1144",2009,"mm","4",2,0,0,0,0,0,0,"mm",0
"1146",2009,"mm","4",3,0,1,0,0,0,0,"mm",1
"1148",2009,"mm","4",4,0,1,0,0,0,0,"mm",1
"1150",2009,"mm","4",5,0,0,0,0,0,0,"mm",0
"1152",2009,"mm","4",6,0,0,0,0,0,0,"mm",0
"1154",2009,"mm","4",7,0,0,0,0,0,0,"mm",0
"1156",2009,"mm","4",8,0,0,0,0,0,0,"mm",0
"1158",2009,"mm","4",9,0,0,0,0,0,0,"mm",0
"1160",2009,"mm","4",10,0,0,0,0,0,0,"mm",0
"1162",2009,"mm","4",11,0,0,0,0,0,0,"mm",0
"1164",2009,"mm","4",12,0,0,0,0,0,0,"mm",0
"1166",2009,"mm","4",13,0,0,0,0,0,0,"mm",0
"1168",2009,"mm","4",14,0,0,0,0,0,0,"mm",0
"1170",2009,"mm","4",15,0,0,0,0,0,1,"mm",0
"1172",2017,"sp","5",1,0,0.1,0,0.9,0,0,"sp",1
"1174",2017,"sp","5",2,0,0,0,1,0,0,"sp",1
"1176",2017,"sp","5",3,0.25,0,0,0.75,0,0,"sp",1
"1178",2017,"sp","3",4,0,0,0,1,0,0,"sp",1
"1180",2017,"sp","3",5,0,0,0,0,0,0,"sp",0
"1182",2017,"sp","3",6,0,0,0,0,0,0,"sp",0
"1184",2017,"sp","5",7,0,0.071428571,0,0.928571429,0,0,"sp",1
"1186",2017,"sp","5",8,0,0.033333333,0,0.966666667,0,0,"sp",1
"1188",2017,"sp","5",9,0,0,0,0,0,0,"sp",0
"1190",2017,"sp","5",10,0,0,0,1,0,0,"sp",1
"1192",2017,"sp","5",11,0,0,0,1,0,0,"sp",1
"1194",2017,"sp","5",12,0,0,0,1,0,0,"sp",1
"1196",2017,"sp","3",13,0,0,0,1,0,0,"sp",1
"1198",2017,"sp","3",14,0,0,0,1,0,0,"sp",1
"1200",2017,"sp","3",15,0,0,0,1,0,0,"sp",1
"1202",2017,"sp","5",16,0,0.131147541,0,0.868852459,0,0,"sp",1
"1204",2017,"sp","5",17,0,0,0,0,0,0,"sp",0
"1206",2017,"sp","5",18,0.020408163,0.081632653,0,0.897959184,0,0,"sp",1
"1208",2017,"coc","5",1,0,0.878787879,0.121212121,0,0,0,"coc",1
"1210",2017,"coc","5",2,0,1,0,0,0,0,"coc",1
"1212",2017,"coc","5",3,0,0.603448276,0.396551724,0,0,0,"coc",1
"1214",2017,"coc","5",4,0,0.037037037,0.962962963,0,0,0,"coc",1
"1216",2017,"coc","5",5,0.2,0,0.8,0,0,0,"coc",1
"1218",2017,"coc","5",6,0,0.447368421,0.552631579,0,0,0,"coc",1
"1220",2017,"coc","3",1,0,0,0.464285714,0,0.535714286,0,"coc",1
"1222",2017,"coc","3",2,0,0.394366197,0.591549296,0,0.014084507,0,"coc",1
"1224",2017,"coc","3",3,0,0.409090909,0.590909091,0,0,0,"coc",1
"1226",2017,"coc","5",7,0.025641026,0.064102564,0.833333333,0.076923077,0,0,"coc",1
"1228",2017,"coc","5",8,0,0.770833333,0.229166667,0,0,0,"coc",1
"1230",2017,"coc","5",9,0,1,0,0,0,0,"coc",1
"1232",2018,"coc","3",1,0.025641026,0.064102564,0.833333333,0.076923077,0,0,"coc",1
"1234",2018,"coc","3",2,0,0.770833333,0.229166667,0,0,0,"coc",1
"1236",2018,"coc","3",3,0,1,0,0,0,0,"coc",1
"1238",2018,"coc","5",1,0.025641026,0.064102564,0.833333333,0.076923077,0,0,"coc",1
"1240",2018,"coc","5",2,0,0.770833333,0.229166667,0,0,0,"coc",1
"1242",2018,"coc","5",3,0,1,0,0,0,0,"coc",1
"1244",2018,"coc","3",4,0,0.411764706,0.176470588,0,0.411764706,0,"coc",1
"1246",2018,"coc","3",5,0.02173913,0.260869565,0.695652174,0.02173913,0,0,"coc",0.999999999
"1248",2018,"coc","3",6,0,0.578947368,0.105263158,0.315789474,0,0,"coc",1
"1250",2018,"coc","5",4,0,0.875,0.125,0,0,0,"coc",1
"1252",2018,"coc","5",5,0,0.571428571,0.142857143,0.285714286,0,0,"coc",1
"1254",2018,"coc","5",6,0,0,0,1,0,0,"coc",1
"1256",2017,"mm","5",1,0.090909091,0.090909091,0,0,0,0.818181818,"mm",0.181818182
"1258",2017,"mm","5",2,0.046511628,0,0,0,0,0.953488372,"mm",0.046511628
"1260",2017,"mm","5",3,0.21875,0,0,0,0,0.78125,"mm",0.21875
"1262",2017,"mm","3",1,1,0,0,0,0,0,"mm",1
"1264",2017,"mm","3",2,1,0,0,0,0,0,"mm",1
"1266",2017,"mm","3",3,0,0,0,0,0,0,"mm",0
"1268",2017,"mm","5",4,0,0,0,0,0,0,"mm",0
"1270",2017,"mm","5",5,0,0,0,0,0,0,"mm",0
"1272",2017,"mm","5",6,0,0,0,0,0,0,"mm",0
"1274",2017,"mm","5",7,0.037037037,0,0,0,0,0.962962963,"mm",0.037037037
"1276",2017,"mm","5",8,0,0,0,1,0,0,"mm",1
"1278",2017,"mm","5",9,0,0.1,0,0.1,0,0.8,"mm",0.2
"1280",2017,"mm","3",4,0.5,0,0.5,0,0,0,"mm",1
"1282",2017,"mm","3",5,0,0,0,0,0,1,"mm",0
"1284",2017,"mm","3",6,0.028571429,0,0,0,0,0.971428571,"mm",0.028571429
"1286",2017,"mm","5",10,0.333333333,0.5,0,0,0,0.166666667,"mm",0.833333333
"1288",2017,"mm","5",11,0.25,0.5,0,0,0,0.25,"mm",0.75
"1290",2017,"mm","5",12,0.75,0.25,0,0,0,0,"mm",1
"1292",2018,"mm","3",1,0.333333333,0.5,0,0,0,0.166666667,"mm",0.833333333
"1294",2018,"mm","3",2,0.25,0.5,0,0,0,0.25,"mm",0.75
"1296",2018,"mm","3",3,0.75,0.25,0,0,0,0,"mm",1
"1298",2018,"mm","5",1,0.333333333,0.5,0,0,0,0.166666667,"mm",0.833333333
"1300",2018,"mm","5",2,0.25,0.5,0,0,0,0.25,"mm",0.75
"1302",2018,"mm","5",3,0.75,0.25,0,0,0,0,"mm",1
"1304",2018,"mm","3",4,0,0,0,1,0,0,"mm",1
"1306",2018,"mm","3",5,0.066666667,0,0,0.933333333,0,0,"mm",1
"1308",2018,"mm","3",6,0,1,0,0,0,0,"mm",1
"1310",2018,"mm","5",4,0,0,0,0,0,0,"mm",0
"1312",2018,"mm","5",5,0,0,0,0,0,0,"mm",0
"1314",2018,"mm","5",6,0,0,0,0,0,0,"mm",0
"1316",2017,"gol","5",1,0,0.111111111,0.333333333,0.555555556,0,0,"gol",1
"1318",2017,"gol","5",2,0,0.5625,0.395833333,0,0.041666667,0,"gol",1
"1320",2017,"gol","5",3,0,0.333333333,0.666666667,0,0,0,"gol",1
"1322",2017,"gol","3",1,0,0,0,0,0,0,"gol",0
"1324",2017,"gol","3",2,0,0.5,0.5,0,0,0,"gol",1
"1326",2017,"gol","3",3,0,1,0,0,0,0,"gol",1
"1328",2017,"gol","5",4,0,0.179487179,0.487179487,0.333333333,0,0,"gol",0.999999999
"1330",2017,"gol","5",5,0,0.3125,0.5625,0.125,0,0,"gol",1
"1332",2017,"gol","5",6,0,0.6,0.4,0,0,0,"gol",1
"1334",2017,"gol","5",7,0,0.666666667,0.333333333,0,0,0,"gol",1
"1336",2017,"gol","5",8,0,0,0,0,0,0,"gol",0
"1338",2017,"gol","5",9,0,0,0,0,0,0,"gol",0
"1340",2017,"gol","3",4,0.047619048,0,0.19047619,0.142857143,0,0.619047619,"gol",0.380952381
"1342",2017,"gol","3",5,0,0,0.833333333,0.111111111,0,0.055555556,"gol",0.944444444
"1344",2017,"gol","3",6,0,0.333333333,0.458333333,0.208333333,0,0,"gol",0.999999999
"1346",2017,"gol","5",10,0.011764706,0.576470588,0.223529412,0.188235294,0,0,"gol",1
"1348",2017,"gol","5",11,0,0.157894737,0.368421053,0.394736842,0,0.078947368,"gol",0.921052632
"1350",2017,"gol","5",12,0.25,0,0.5,0,0,0.25,"gol",0.75
"1352",2018,"gol","3",1,0.011764706,0.576470588,0.223529412,0.188235294,0,0,"gol",1
"1354",2018,"gol","3",2,0,0.157894737,0.368421053,0.394736842,0,0.078947368,"gol",0.921052632
"1356",2018,"gol","3",3,0.25,0,0.5,0,0,0.25,"gol",0.75
"1358",2018,"gol","5",1,0.011764706,0.576470588,0.223529412,0.188235294,0,0,"gol",1
"1360",2018,"gol","5",2,0,0.157894737,0.368421053,0.394736842,0,0.078947368,"gol",0.921052632
"1362",2018,"gol","5",3,0.25,0,0.5,0,0,0.25,"gol",0.75
"1364",2018,"gol","3",4,0,0.380952381,0.476190476,0.142857143,0,0,"gol",1
"1366",2018,"gol","3",5,0,0.3,0.7,0,0,0,"gol",1
"1368",2018,"gol","3",6,0,0,1,0,0,0,"gol",1
"1370",2018,"gol","5",4,0,0.315789474,0.684210526,0,0,0,"gol",1
"1372",2018,"gol","5",5,0,0.423076923,0.115384615,0.269230769,0,0.192307692,"gol",0.807692307
"1374",2018,"gol","5",6,0,0.178571429,0.642857143,0.107142857,0.071428571,0,"gol",1
"1376",2017,"pel","5",1,0,0.742857143,0.228571429,0.028571429,0,0,"pel",1.000000001
"1378",2017,"pel","5",2,0,0.952380952,0.047619048,0,0,0,"pel",1
"1380",2017,"pel","5",3,0,0.5,0.5,0,0,0,"pel",1
"1382",2017,"pel","3",1,0,1,0,0,0,0,"pel",1
"1384",2017,"pel","3",2,0,0,0,0,0,0,"pel",0
"1386",2017,"pel","3",3,0,0,0,0,0,0,"pel",0
"1388",2017,"pel","5",4,0,0.451612903,0.548387097,0,0,0,"pel",1
"1390",2017,"pel","5",5,0,0.377777778,0.444444444,0.177777778,0,0,"pel",1
"1392",2017,"pel","5",6,0,0.432432432,0.324324324,0.243243243,0,0,"pel",0.999999999
"1394",2017,"pel","5",4,0,1,0,0,0,0,"pel",1
"1396",2017,"pel","5",5,0.75,0.25,0,0,0,0,"pel",1
"1398",2017,"pel","5",6,1,0,0,0,0,0,"pel",1
"1400",2017,"pel","3",4,0,0,0,0,0,0,"pel",0
"1402",2017,"pel","3",5,0,0,0,0,0,0,"pel",0
"1404",2017,"pel","3",6,0,0,0,0,0,0,"pel",0
"1406",2017,"pel","5",7,0,0.686567164,0.149253731,0.164179104,0,0,"pel",0.999999999
"1408",2017,"pel","5",8,0.003745318,0.917602996,0.014981273,0.063670412,0,0,"pel",0.999999999
"1410",2017,"pel","5",9,0,0.731543624,0.046979866,0.22147651,0,0,"pel",1
"1412",2018,"pel","3",1,0,0.686567164,0.149253731,0.164179104,0,0,"pel",0.999999999
"1414",2018,"pel","3",2,0.003745318,0.917602996,0.014981273,0.063670412,0,0,"pel",0.999999999
"1416",2018,"pel","3",3,0,0.731543624,0.046979866,0.22147651,0,0,"pel",1
"1418",2018,"pel","5",1,0,0.686567164,0.149253731,0.164179104,0,0,"pel",0.999999999
"1420",2018,"pel","5",2,0.003745318,0.917602996,0.014981273,0.063670412,0,0,"pel",0.999999999
"1422",2018,"pel","5",3,0,0.731543624,0.046979866,0.22147651,0,0,"pel",1
"1424",2018,"pel","3",4,0,0.256410256,0.461538462,0.282051282,0,0,"pel",1
"1426",2018,"pel","3",5,0,0.666666667,0.261904762,0.071428571,0,0,"pel",1
"1428",2018,"pel","3",6,0,0.305555556,0.388888889,0.305555556,0,0,"pel",1.000000001
"1430",2018,"pel","5",4,0,0.285714286,0.714285714,0,0,0,"pel",1
"1432",2018,"pel","5",5,0.032258065,0.387096774,0.516129032,0.064516129,0,0,"pel",1
"1434",2018,"pel","5",6,0,0.166666667,0.791666667,0.041666667,0,0,"pel",1.000000001
"1436",2018,"sp","3",1,0,0.131147541,0,0.868852459,0,0,"sp",1
"1438",2018,"sp","3",2,0,0,0,0,0,0,"sp",0
"1440",2018,"sp","3",3,0.020408163,0.081632653,0,0.897959184,0,0,"sp",1
"1442",2018,"sp","5",1,0,0.131147541,0,0.868852459,0,0,"sp",1
"1444",2018,"sp","5",2,0,0,0,0,0,0,"sp",0
"1446",2018,"sp","5",3,0.020408163,0.081632653,0,0.897959184,0,0,"sp",1
"1448",2018,"sp","3",4,0,0.015384615,0,0.984615385,0,0,"sp",1
"1450",2018,"sp","3",5,0,0,0,1,0,0,"sp",1
"1452",2018,"sp","3",6,0,0,0,1,0,0,"sp",1
"1454",2018,"sp","5",4,0,0,0,1,0,0,"sp",1
"1456",2018,"sp","5",5,0.028571429,0.057142857,0,0.914285714,0,0,"sp",1
"1458",2018,"sp","5",6,0.052631579,0.052631579,0,0.894736842,0,0,"sp",1
"1460",2017,"Lara","5",1,0,0,0,1,0,0,"Lara",1
"1461",2017,"Lara","5",2,0,0,0,1,0,0,"Lara",1
"1462",2017,"Lara","5",3,0,0,0,0,0,0,"Lara",0
"1463",2017,"Lara","3",1,0,0,0,1,0,0,"Lara",1
"1464",2017,"Lara","3",2,0,0,0,0,0,0,"Lara",0
"1465",2017,"Lara","3",3,0,0,0,0,0,0,"Lara",0
"1466",2017,"Lara","5",1,0,0,0,1,0,0,"Lara",1
"1467",2017,"Lara","5",2,0,0,0,1,0,0,"Lara",1
"1468",2017,"Lara","5",3,0,0,0,1,0,0,"Lara",1
"1469",2017,"Lara","3",1,0,0,0,1,0,0,"Lara",1
"1470",2017,"Lara","3",2,0.079584775,0,0,0.920415225,0,0,"Lara",1
"1471",2017,"Lara","3",3,0,0,0,0,0,0,"Lara",0
"1472",2017,"Lara","5",1,0,0,0,1,0,0,"Lara",1
"1473",2017,"Lara","5",2,0,0,0,1,0,0,"Lara",1
"1474",2017,"Lara","5",3,0,0,0,1,0,0,"Lara",1
"1475",2018,"Lara","5",1,0,0,0,1,0,0,"Lara",1
"1476",2018,"Lara","5",2,0,0,0,1,0,0,"Lara",1
"1477",2018,"Lara","5",3,0,0,0,1,0,0,"Lara",1
"1478",2018,"Lara","3",1,0,0,0,1,0,0,"Lara",1
"1479",2018,"Lara","3",2,0,0,0,1,0,0,"Lara",1
"1480",2018,"Lara","3",3,0.054545455,0.018181818,0,0.927272727,0,0,"Lara",1
"1481",2018,"Lara","5",1,0,0,0,1,0,0,"Lara",1
"1482",2018,"Lara","5",2,0,0,0,1,0,0,"Lara",1
"1483",2018,"Lara","5",3,0,0,0,0,0,0,"Lara",0
"1484",2018,"Lara","3",1,0.001212121,0,0,0.998787879,0,0,"Lara",1
"1485",2018,"Lara","3",2,0,0,0,1,0,0,"Lara",1
"1486",2018,"Lara","3",3,0,0,0,1,0,0,"Lara",1
"1487",2018,"Lara","5",1,0,0,0,1,0,0,"Lara",1
"1488",2018,"Lara","5",2,0,0,0,1,0,0,"Lara",1
"1489",2018,"Lara","5",3,0,0,0,1,0,0,"Lara",1
"1490",2019,"Lara","3",1,0.151515152,0,0,0.848484848,0,0,"Lara",1
"1491",2019,"Lara","3",2,0.064705882,0,0,0.935294118,0,0,"Lara",1
"1492",2019,"Lara","3",3,0,0,0,1,0,0,"Lara",1
"1493",2019,"Lara","5",1,0.028846154,0,0,0.971153846,0,0,"Lara",1
"1494",2019,"Lara","5",2,0.093406593,0,0,0.906593407,0,0,"Lara",1
"1495",2019,"Lara","5",3,0,0,0,1,0,0,"Lara",1
"1496",2019,"coc","3",1,0,0.458333333,0.5,0.041666667,0,0,"coc",1
"1497",2019,"coc","3",2,0,0.875,0.125,0,0,0,"coc",1
"1498",2019,"coc","3",3,0,0,0,0,0,0,"coc",0
"1499",2019,"coc","5",1,0,0.352941176,0.617647059,0,0.029411765,0,"coc",1
"1500",2019,"coc","5",2,0,0,0,0,0,0,"coc",0
"1501",2019,"coc","5",3,0,0.92,0.08,0,0,0,"coc",1
"1502",2019,"coc","3",1,0,0.106060606,0.166666667,0,0.727272727,0,"coc",1
"1503",2019,"coc","3",2,0,0.511627907,0.488372093,0,0,0,"coc",1
"1504",2019,"coc","3",3,0.125,0.0625,0.8125,0,0,0,"coc",1
"1505",2019,"coc","5",1,0,0.638888889,0.361111111,0,0,0,"coc",1
"1506",2019,"coc","5",2,0,0.666666667,0.125,0.208333333,0,0,"coc",1
"1507",2019,"coc","5",3,0,1,0,0,0,0,"coc",1
"1508",2019,"mm","3",1,0.041666667,0,0,0.333333333,0,0.625,"mm",0.375
"1509",2019,"mm","3",2,0.333333333,0,0,0.166666667,0,0.5,"mm",0.5
"1510",2019,"mm","3",3,0,1,0,0,0,0,"mm",1
"1511",2019,"mm","5",1,1,0,0,0,0,0,"mm",1
"1512",2019,"mm","5",2,1,0,0,0,0,0,"mm",1
"1513",2019,"mm","5",3,0,0,0,0,0,0,"mm",0
"1514",2019,"gol","3",1,0.032258065,0.129032258,0.677419355,0.064516129,0,0.096774194,"gol",0.903225807
"1515",2019,"gol","3",2,0,0.183098592,0.521126761,0.23943662,0,0.056338028,"gol",0.943661973
"1516",2019,"gol","3",3,0.090909091,0,0.272727273,0.272727273,0,0.363636364,"gol",0.636363637
"1517",2019,"gol","5",1,0,0.148148148,0.851851852,0,0,0,"gol",1
"1518",2019,"gol","5",2,0.666666667,0,0,0.333333333,0,0,"gol",1
"1519",2019,"gol","5",3,0,0,1,0,0,0,"gol",1
"1520",2019,"gol","3",1,0,0,0.513888889,0.458333333,0,0.027777778,"gol",0.972222222
"1521",2019,"gol","3",2,0.052631579,0,0,0,0,0.947368421,"gol",0.052631579
"1522",2019,"gol","3",3,0,0,0.352941176,0,0,0.647058824,"gol",0.352941176
"1523",2019,"pel","3",1,0,0,0,0,0,0,"pel",0
"1524",2019,"pel","3",2,0,1,0,0,0,0,"pel",1
"1525",2019,"pel","3",3,0,0,0,0,0,0,"pel",0
"1526",2019,"pel","5",1,0,0.789473684,0.157894737,0.052631579,0,0,"pel",1
"1527",2019,"pel","5",2,0,0.62962963,0,0.37037037,0,0,"pel",1
"1528",2019,"pel","5",3,0,0.862068966,0,0.137931034,0,0,"pel",1
"1529",2019,"sp","3",1,0,0,0,0,0,0,"sp",0
"1530",2019,"sp","3",2,0,0,0,0,0,0,"sp",0
"1531",2019,"sp","3",3,0,0,0,1,0,0,"sp",1
"1532",2019,"sp","5",1,0,0.023809524,0,0.976190476,0,0,"sp",1
"1533",2019,"sp","5",2,1,0,0,0,0,0,"sp",1
"1534",2019,"sp","5",3,0,0,0,1,0,0,"sp",1
"1535",2019,"sp","3",1,0,0,0,1,0,0,"sp",1
"1536",2019,"sp","3",2,0,0,0,0.958333333,0,0.041666667,"sp",0.958333333
"1537",2019,"sp","3",3,0.013368984,0,0,0.954545455,0.032085561,0,"sp",1
"1538",2019,"sp","5",1,0,0,0,1,0,0,"sp",1
"1539",2019,"sp","5",2,0,0,0,1,0,0,"sp",1
"1540",2019,"sp","5",3,0.047619048,0.238095238,0,0.714285714,0,0,"sp",1
