yr,site,depth,transect,poc,pav,por,ps,gar,tub
,,,,,,,,,
1994,sp,11.6-9.2,1,0.942760943,0,0,0.057239057,0,0
,,,,,,,,,
1994,sp,11.6-9.2,2,0.604519774,0.346516008,0,0.048964218,0,0
,,,,,,,,,
1994,sp,11.6-9.2,3,0.907960199,0,0,0.092039801,0,0
,,,,,,,,,
1994,sp,11.6-9.2,4,0.942592593,0,0,0.057407407,0,0
,,,,,,,,,
1994,sp,11.6-9.2,5,0.931260229,0,0,0.068739771,0,0
,,,,,,,,,
1994,sp,10.9-7.1,1,0.975095785,0.009578544,0,0.01532567,0,0
,,,,,,,,,
1994,sp,10.9-7.1,2,0.760726073,0.105610561,0,0.133663366,0,0
,,,,,,,,,
1994,sp,10.9-7.1,3,0.943894389,0.00330033,0,0.052805281,0,0
,,,,,,,,,
1994,sp,10.9-7.1,4,0.953333333,0.036666667,0,0.01,0,0
,,,,,,,,,
1994,sp,10.9-7.1,5,0.853889943,0.091081594,0,0.055028463,0,0
,,,,,,,,,
1994,sp,7-5.5,1,0.83463035,0.013618677,0,0.151750973,0,0
,,,,,,,,,
1994,sp,7-5.5,2,0.603585657,0.123505976,0,0.272908367,0,0
,,,,,,,,,
1994,sp,7-5.5,3,0.934707904,0.015463918,0,0.049828179,0,0
,,,,,,,,,
1994,sp,7-5.5,4,0.829411765,0,0,0.170588235,0,0
,,,,,,,,,
1994,sp,7-5.5,5,1,0,0,0,0,0
,,,,,,,,,
1994,sp,5-4.7,1,0.798828125,0.076171875,0,0.125,0,0
,,,,,,,,,
1994,sp,5-4.7,2,0.962890625,0,0,0.037109375,0,0
,,,,,,,,,
1994,sp,5-4.7,3,0.804713805,0.074074074,0,0.121212121,0,0
,,,,,,,,,
1994,sp,5-4.7,4,1,0,0,0,0,0
,,,,,,,,,
1994,sp,5-4.7,5,0.852512156,0.030794165,0,0.116693679,0,0
,,,,,,,,,
1995,sp,11.6-9.2,1,0.76802824,0.060514372,0,0.171457388,0,0
,,,,,,,,,
1995,sp,11.6-9.2,2,0.913793103,0.015804598,0,0.070402299,0,0
,,,,,,,,,
1995,sp,11.6-9.2,3,0.522174535,0.027181688,0,0.450643777,0,0
,,,,,,,,,
1995,sp,11.6-9.2,4,0.754854369,0.014563107,0,0.230582524,0,0
,,,,,,,,,
1995,sp,11.6-9.2,5,0.837342497,0.045819015,0,0.116838488,0,0
,,,,,,,,,
1995,sp,10.9-7.1,1,0.802259887,0.071563089,0,0.126177024,0,0
,,,,,,,,,
1995,sp,10.9-7.1,2,0.856435644,0.04950495,0,0.094059406,0,0
,,,,,,,,,
1995,sp,10.9-7.1,3,0.863720074,0.049723757,0,0.086556169,0,0
,,,,,,,,,
1995,sp,10.9-7.1,4,0.914563107,0.021359223,0,0.06407767,0,0
,,,,,,,,,
1995,sp,10.9-7.1,5,0.99194847,0,0,0.00805153,0,0
,,,,,,,,,
1995,sp,7-5.5,1,0.823529412,0,0.016339869,0.160130719,0,0
,,,,,,,,,
1995,sp,7-5.5,2,0.795414462,0.035273369,0,0.169312169,0,0
,,,,,,,,,
1995,sp,7-5.5,3,0.881508079,0.019748654,0,0.098743268,0,0
,,,,,,,,,
1995,sp,7-5.5,4,0.885615251,0.013864818,0,0.100519931,0,0
,,,,,,,,,
1995,sp,7-5.5,5,0.887417219,0,0,0.112582781,0,0
,,,,,,,,,
1995,sp,5-4.7,1,0.72659176,0,0,0.27340824,0,0
,,,,,,,,,
1995,sp,5-4.7,2,0.699324324,0.010135135,0,0.290540541,0,0
,,,,,,,,,
1995,sp,5-4.7,3,0.851351351,0.057432432,0,0.091216216,0,0
,,,,,,,,,
1995,sp,5-4.7,4,0.922297297,0.015202703,0,0.0625,0,0
,,,,,,,,,
1995,sp,5-4.7,5,0.904679376,0,0,0.095320624,0,0
,,,,,,,,,
1996,sp,11.6-9.2,1,0.837931034,0,0,0.162068966,0,0
,,,,,,,,,
1996,sp,11.6-9.2,2,0.836024845,0.065838509,0,0.098136646,0,0
,,,,,,,,,
1996,sp,11.6-9.2,3,0.533242877,0.05156038,0.008141113,0.407055631,0,0
,,,,,,,,,
1996,sp,11.6-9.2,4,0.676724138,0.087643678,0,0.235632184,0,0
,,,,,,,,,
1996,sp,11.6-9.2,5,0.855708908,0,0,0.144291092,0,0
,,,,,,,,,
1996,sp,10.9-7.1,1,0.717092338,0.074656189,0,0.208251473,0,0
,,,,,,,,,
1996,sp,10.9-7.1,2,0.887417219,0.028145695,0,0.084437086,0,0
,,,,,,,,,
1996,sp,10.9-7.1,3,0.914473684,0.039473684,0,0.046052632,0,0
,,,,,,,,,
1996,sp,10.9-7.1,4,0.880837359,0.012882448,0.004830918,0.101449275,0,0
,,,,,,,,,
1996,sp,10.9-7.1,5,0.818815331,0.137630662,0,0.043554007,0,0
,,,,,,,,,
1996,sp,7-5.5,1,0.922689076,0,0.005042017,0.072268908,0,0
,,,,,,,,,
1996,sp,7-5.5,2,0.950166113,0,0,0.049833887,0,0
,,,,,,,,,
1996,sp,7-5.5,3,0.83463035,0,0,0.16536965,0,0
,,,,,,,,,
1996,sp,7-5.5,4,0.903494176,0,0,0.096505824,0,0
,,,,,,,,,
1996,sp,7-5.5,5,0.902803738,0,0,0.097196262,0,0
,,,,,,,,,
1996,sp,5-4.7,1,0.844331641,0,0,0.155668359,0,0
,,,,,,,,,
1996,sp,5-4.7,2,0.839059675,0,0,0.160940325,0,0
,,,,,,,,,
1996,sp,5-4.7,3,0.828282828,0,0,0.171717172,0,0
,,,,,,,,,
1996,sp,5-4.7,4,0.945111492,0,0,0.054888508,0,0
,,,,,,,,,
1996,sp,5-4.7,5,0.814381271,0,0,0.185618729,0,0
,,,,,,,,,
1996,coc,6,1,0,0.973333333,0.026666667,0,0,0
,,,,,,,,,
1996,coc,6,2,0,0.900990099,0.00990099,0,0,0.089108911
,,,,,,,,,
1996,coc,6,3,0,1,0,0,0,0
,,,,,,,,,
1996,coc,6,4,0.258241758,0.686813187,0.049450549,0,0,0.005494505
,,,,,,,,,
1996,coc,6,5,0.064864865,0.918918919,0,0,0,0.016216216
,,,,,,,,,
1996,coc,5,1,0.123110151,0.721382289,0.008639309,0,0.146868251,0
,,,,,,,,,
1996,coc,5,2,0.360986547,0.571748879,0.067264574,0,0,0
,,,,,,,,,
1996,coc,5,3,0.124777184,0.711229947,0.019607843,0,0.144385027,0
,,,,,,,,,
1996,coc,5,4,0,0.884540117,0.101761252,0.003913894,0.009784736,0
,,,,,,,,,
1996,coc,5,5,0.025252525,0.575757576,0.398989899,0,0,0
,,,,,,,,,
1996,coc,3,1,0,0.185852982,0.012482663,0.015256588,0.786407767,0
,,,,,,,,,
1996,coc,3,2,0,0.169984686,0.003062787,0.075038285,0.751914242,0
,,,,,,,,,
1996,coc,3,3,0,0.288201161,0.011605416,0,0.688588008,0.011605416
,,,,,,,,,
1996,coc,3,4,0,0.155270655,0.015669516,0.042735043,0.783475783,0.002849003
,,,,,,,,,
1996,coc,3,5,0,0.344298246,0.015350877,0,0.627192982,0.013157895
,,,,,,,,,
1997,sp,11.6-9.2,1,0.754829123,0.109955423,0.013372957,0.121842496,0,0
,,,,,,,,,
1997,sp,11.6-9.2,2,0.952212389,0.021238938,0,0.026548673,0,0
,,,,,,,,,
1997,sp,11.6-9.2,3,0.849144635,0,0,0.150855365,0,0
,,,,,,,,,
1997,sp,11.6-9.2,4,0.804248862,0,0,0.195751138,0,0
,,,,,,,,,
1997,sp,11.6-9.2,5,0.940366972,0,0,0.059633028,0,0
,,,,,,,,,
1997,sp,10.9-7.1,1,0.765993266,0.016835017,0.048821549,0.168350168,0,0
,,,,,,,,,
1997,sp,10.9-7.1,2,0.865107914,0.012589928,0,0.122302158,0,0
,,,,,,,,,
1997,sp,10.9-7.1,3,0.791288566,0.01814882,0,0.190562613,0,0
,,,,,,,,,
1997,sp,10.9-7.1,4,0.863406408,0.020236088,0,0.116357504,0,0
,,,,,,,,,
1997,sp,10.9-7.1,5,0.708943089,0.030894309,0,0.260162602,0,0
,,,,,,,,,
1997,sp,7-5.5,1,0.87107438,0.036363636,0,0.092561983,0,0
,,,,,,,,,
1997,sp,7-5.5,2,0.806896552,0.00862069,0,0.184482759,0,0
,,,,,,,,,
1997,sp,7-5.5,3,0.933447099,0.005119454,0,0.061433447,0,0
,,,,,,,,,
1997,sp,7-5.5,4,0.797077922,0.003246753,0,0.199675325,0,0
,,,,,,,,,
1997,sp,7-5.5,5,0.903171953,0.023372287,0,0.07345576,0,0
,,,,,,,,,
1997,sp,5-4.7,1,0.842454395,0.004975124,0,0.152570481,0,0
,,,,,,,,,
1997,sp,5-4.7,2,0.912801484,0.012987013,0.009276438,0.064935065,0,0
,,,,,,,,,
1997,sp,5-4.7,3,0.907014682,0.013050571,0,0.079934747,0,0
,,,,,,,,,
1997,sp,5-4.7,4,0.85125448,0.008960573,0,0.139784946,0,0
,,,,,,,,,
1997,sp,5-4.7,5,0.838969404,0,0,0.161030596,0,0
,,,,,,,,,
1997,coc,6,1,0.010989011,0.934065934,0.043956044,0,0,0.010989011
,,,,,,,,,
1997,coc,6,2,0.385542169,0.584337349,0,0,0,0.030120482
,,,,,,,,,
1997,coc,6,3,0,0.97260274,0.01826484,0,0.00913242,0
,,,,,,,,,
1997,coc,6,4,0.301587302,0.422222222,0.015873016,0,0.26031746,0
,,,,,,,,,
1997,coc,6,5,0.231155779,0.452261307,0.040201005,0,0.27638191,0
,,,,,,,,,
1997,coc,5,1,0.132678133,0.754299754,0.058968059,0,0.054054054,0
,,,,,,,,,
1997,coc,5,2,0,0.939306358,0.043352601,0,0.01734104,0
,,,,,,,,,
1997,coc,5,3,0.158362989,0.629893238,0.03202847,0,0.179715302,0
,,,,,,,,,
1997,coc,5,4,0,0.522012579,0.477987421,0,0,0
,,,,,,,,,
1997,coc,5,5,0,1,0,0,0,0
,,,,,,,,,
1997,coc,3,1,0,0.310861423,0.02247191,0,0.661048689,0.005617978
,,,,,,,,,
1997,coc,3,2,0,0.262295082,0.009107468,0.092896175,0.626593807,0.009107468
,,,,,,,,,
1997,coc,3,3,0,0.162444113,0,0,0.836065574,0.001490313
,,,,,,,,,
1997,coc,3,4,0,0.268018018,0.011261261,0.051801802,0.668918919,0
,,,,,,,,,
1997,coc,3,5,0,0.340292276,0.008350731,0,0.651356994,0
,,,,,,,,,
1998,sp,11.6-9.2,1,0.902743142,0.009975062,0,0.087281796,0,0
,,,,,,,,,
1998,sp,11.6-9.2,2,0.85770235,0.016971279,0,0.125326371,0,0
,,,,,,,,,
1998,sp,11.6-9.2,3,0.879941435,0.004392387,0,0.115666179,0,0
,,,,,,,,,
1998,sp,11.6-9.2,4,0.77700831,0,0.011080332,0.211911357,0,0
,,,,,,,,,
1998,sp,11.6-9.2,5,0.916129032,0,0,0.083870968,0,0
,,,,,,,,,
1998,sp,10.9-7.1,1,0.905821918,0.008561644,0,0.085616438,0,0
,,,,,,,,,
1998,sp,10.9-7.1,2,0.803738318,0.059813084,0,0.136448598,0,0
,,,,,,,,,
1998,sp,10.9-7.1,3,0.885470085,0.029059829,0,0.085470085,0,0
,,,,,,,,,
1998,sp,10.9-7.1,4,0.793220339,0.006779661,0,0.2,0,0
,,,,,,,,,
1998,sp,10.9-7.1,5,0.844559585,0,0,0.155440415,0,0
,,,,,,,,,
1998,sp,7-5.5,1,0.864814815,0,0,0.135185185,0,0
,,,,,,,,,
1998,sp,7-5.5,2,0.902930403,0.009157509,0,0.087912088,0,0
,,,,,,,,,
1998,sp,7-5.5,3,0.842105263,0.030852995,0,0.127041742,0,0
,,,,,,,,,
1998,sp,7-5.5,4,0.806262231,0,0,0.193737769,0,0
,,,,,,,,,
1998,sp,7-5.5,5,0.955284553,0,0,0.044715447,0,0
,,,,,,,,,
1998,sp,5-4.7,1,0.931216931,0.008818342,0,0.059964727,0,0
,,,,,,,,,
1998,sp,5-4.7,2,0.84040747,0.062818336,0,0.096774194,0,0
,,,,,,,,,
1998,sp,5-4.7,3,0.817813765,0,0.018218623,0.163967611,0,0
,,,,,,,,,
1998,sp,5-4.7,4,0.804088586,0,0,0.195911414,0,0
,,,,,,,,,
1998,sp,5-4.7,5,0.649918963,0.006482982,0,0.343598055,0,0
,,,,,,,,,
1998,coc,6,1,0.028818444,0.95389049,0,0,0.008645533,0.008645533
,,,,,,,,,
1998,coc,6,2,0.398550725,0.550724638,0.014492754,0,0.014492754,0.02173913
,,,,,,,,,
1998,coc,6,3,0.016042781,0.973262032,0,0,0.010695187,0
,,,,,,,,,
1998,coc,6,4,0.603305785,0.351239669,0.045454545,0,0,0
,,,,,,,,,
1998,coc,6,5,0,0.492307692,0,0,0.507692308,0
,,,,,,,,,
1998,coc,5,1,0,0.893004115,0.106995885,0,0,0
,,,,,,,,,
1998,coc,5,2,0.010615711,0.794055202,0.010615711,0,0.184713376,0
,,,,,,,,,
1998,coc,5,3,0.193181818,0.491477273,0.159090909,0,0.15625,0
,,,,,,,,,
1998,coc,5,4,0.17768595,0.710743802,0,0,0.111570248,0
,,,,,,,,,
1998,coc,5,5,0.286792453,0.713207547,0,0,0,0
,,,,,,,,,
1998,coc,3,1,0,0.245647969,0.005802708,0,0.744680851,0.003868472
,,,,,,,,,
1998,coc,3,2,0,0.40625,0.00390625,0.04296875,0.546875,0
,,,,,,,,,
1998,coc,3,3,0,0.161237785,0.006514658,0.009771987,0.82247557,0
,,,,,,,,,
1998,coc,3,4,0,0.213004484,0,0.024663677,0.762331839,0
,,,,,,,,,
1998,coc,3,5,0,0.314763231,0,0,0.685236769,0
,,,,,,,,,
2001,sp,11.6-9.2,1,0.597452229,0.152866242,0.007643312,0.242038217,0,0
,,,,,,,,,
2001,sp,11.6-9.2,2,0.832352941,0.05,0,0.117647059,0,0
,,,,,,,,,
2001,sp,11.6-9.2,3,0.769541779,0.066037736,0.006738544,0.157681941,0,0
,,,,,,,,,
2001,sp,11.6-9.2,4,0.912302071,0.029232643,0,0.058465286,0,0
,,,,,,,,,
2001,sp,11.6-9.2,5,0.813898704,0,0,0.186101296,0,0
,,,,,,,,,
2001,sp,10.9-7.1,1,0.807890223,0.008576329,0.017152659,0.166380789,0,0
,,,,,,,,,
2001,sp,10.9-7.1,2,0.898502496,0.006655574,0,0.09484193,0,0
,,,,,,,,,
2001,sp,10.9-7.1,3,0.758913413,0.030560272,0,0.210526316,0,0
,,,,,,,,,
2001,sp,10.9-7.1,4,0.79964539,0.003546099,0,0.196808511,0,0
,,,,,,,,,
2001,sp,10.9-7.1,5,0.888888889,0,0,0.111111111,0,0
,,,,,,,,,
2001,sp,7-5.5,1,0.899827288,0.027633851,0.01208981,0.06044905,0,0
,,,,,,,,,
2001,sp,7-5.5,2,0.807420495,0.01590106,0,0.176678445,0,0
,,,,,,,,,
2001,sp,7-5.5,3,0.830795262,0.015228426,0.03891709,0.115059222,0,0
,,,,,,,,,
2001,sp,7-5.5,4,0.885714286,0,0,0.114285714,0,0
,,,,,,,,,
2001,sp,7-5.5,5,0.84587156,0,0,0.15412844,0,0
,,,,,,,,,
2001,sp,5-4.7,1,0.889925373,0.005597015,0,0.104477612,0,0
,,,,,,,,,
2001,sp,5-4.7,2,0.82020202,0.016161616,0,0.163636364,0,0
,,,,,,,,,
2001,sp,5-4.7,3,0.9375,0.011824324,0,0.050675676,0,0
,,,,,,,,,
2001,sp,5-4.7,4,0.851851852,0,0,0.148148148,0,0
,,,,,,,,,
2001,sp,5-4.7,5,0.823051948,0.022727273,0,0.154220779,0,0
,,,,,,,,,
2001,coc,6,1,0,0.970464135,0.029535865,0,0,0
,,,,,,,,,
2001,coc,6,2,0,0.81300813,0.056910569,0,0.105691057,0.024390244
,,,,,,,,,
2001,coc,6,3,0.392857143,0.511904762,0.011904762,0,0.029761905,0.053571429
,,,,,,,,,
2001,coc,6,4,0.351973684,0.532894737,0.013157895,0,0.101973684,0
,,,,,,,,,
2001,coc,6,5,0,0.562913907,0.119205298,0,0.317880795,0
,,,,,,,,,
2001,coc,5,1,0.041269841,0.641269841,0,0,0.317460317,0
,,,,,,,,,
2001,coc,5,2,0,0.743341404,0.099273608,0,0.157384988,0
,,,,,,,,,
2001,coc,5,3,0,0.582608696,0.269565217,0,0.147826087,0
,,,,,,,,,
2001,coc,5,4,0.074660633,0.701357466,0.024886878,0,0.199095023,0
,,,,,,,,,
2001,coc,5,5,0.668789809,0.242038217,0,0,0.089171975,0
,,,,,,,,,
2001,coc,3,1,0,0.308571429,0.002857143,0,0.688571429,0
,,,,,,,,,
2001,coc,3,2,0,0.342364532,0,0,0.657635468,0
,,,,,,,,,
2001,coc,3,3,0,0.314285714,0.030612245,0.048979592,0.606122449,0
,,,,,,,,,
2001,coc,3,4,0,0.529832936,0.028639618,0.116945107,0.324582339,0
,,,,,,,,,
2001,coc,3,5,0,0.071186441,0,0,0.928813559,0
,,,,,,,,,
2002,sp,11.6-9.2,1,0.863123994,0.056360709,0,0.080515298,0,0
,,,,,,,,,
2002,sp,11.6-9.2,2,0.761674718,0.162640902,0.006441224,0.069243156,0,0
,,,,,,,,,
2002,sp,11.6-9.2,3,0.803542673,0.077294686,0,0.119162641,0,0
,,,,,,,,,
2002,sp,11.6-9.2,4,0.884057971,0.032206119,0.006441224,0.077294686,0,0
,,,,,,,,,
2002,sp,11.6-9.2,5,0.745571659,0,0,0.254428341,0,0
,,,,,,,,,
2002,sp,10.9-7.1,1,0.819964349,0.032085561,0,0.147950089,0,0
,,,,,,,,,
2002,sp,10.9-7.1,2,0.904892027,0.033371219,0,0.061736754,0,0
,,,,,,,,,
2002,sp,10.9-7.1,3,0.961165049,0.015533981,0,0.023300971,0,0
,,,,,,,,,
2002,sp,10.9-7.1,4,0.768398268,0,0,0.231601732,0,0
,,,,,,,,,
2002,sp,10.9-7.1,5,0.929515419,0,0,0.070484581,0,0
,,,,,,,,,
2002,sp,7-5.5,1,0.967032967,0,0,0.032967033,0,0
,,,,,,,,,
2002,sp,7-5.5,2,0.809977068,0.046864194,0.013185673,0.129973064,0,0
,,,,,,,,,
2002,sp,7-5.5,3,0.847866419,0.06864564,0,0.083487941,0,0
,,,,,,,,,
2002,sp,7-5.5,4,0.590381973,0.163416103,0.044814473,0.201387451,0,0
,,,,,,,,,
2002,sp,7-5.5,5,0.893424223,0,0,0.106575777,0,0
,,,,,,,,,
2002,sp,5-4.7,1,0.860517958,0.007642852,0,0.13183919,0,0
,,,,,,,,,
2002,sp,5-4.7,2,0.871143376,0.010889292,0,0.117967332,0,0
,,,,,,,,,
2002,sp,5-4.7,3,0.789667897,0.038745387,0,0.171586716,0,0
,,,,,,,,,
2002,sp,5-4.7,4,0.735607676,0.036247335,0,0.228144989,0,0
,,,,,,,,,
2002,sp,5-4.7,5,0.86622807,0,0,0.13377193,0,0
,,,,,,,,,
2002,coc,6,1,0.10880829,0.756476684,0.041450777,0.062176166,0.031088083,0
,,,,,,,,,
2002,coc,6,2,0.231884058,0.743961353,0,0,0.024154589,0
,,,,,,,,,
2002,coc,6,3,0.366906475,0.489208633,0.035971223,0,0.107913669,0
,,,,,,,,,
2002,coc,6,4,0.467605634,0.509859155,0.014084507,0,0.008450704,0
,,,,,,,,,
2002,coc,6,5,0.007042254,0.732394366,0,0,0.26056338,0
,,,,,,,,,
2002,coc,5,1,0.055793991,0.605150215,0.068669528,0,0.270386266,0
,,,,,,,,,
2002,coc,5,2,0.055555556,0.613333333,0.033333333,0,0.297777778,0
,,,,,,,,,
2002,coc,5,3,0.009208103,0.679558011,0.152854512,0,0.158379374,0
,,,,,,,,,
2002,coc,5,4,0.134920635,0.668650794,0.109126984,0,0.087301587,0
,,,,,,,,,
2002,coc,5,5,0.142372881,0.583050847,0.016949153,0,0.257627119,0
,,,,,,,,,
2002,coc,3,1,0,0.53814433,0.004123711,0.028865979,0.428865979,0
,,,,,,,,,
2002,coc,3,2,0,0.219758065,0.004032258,0.080645161,0.695564516,0
,,,,,,,,,
2002,coc,3,3,0,0.493303571,0.020089286,0,0.486607143,0
,,,,,,,,,
2002,coc,3,4,0,0.379828326,0.051502146,0.045064378,0.52360515,0
,,,,,,,,,
2002,coc,3,5,0,0.519662921,0.014044944,0,0.466292135,0
,,,,,,,,,
2006,sp,12,1,1,0,0,0,0,0
,,,,,,,,,
2006,sp,12,2,0.512195122,0.097560976,0,0.390243902,0,0
,,,,,,,,,
2006,sp,12,3,1,0,0,0,0,0
,,,,,,,,,
2006,sp,12,4,1,0,0,0,0,0
,,,,,,,,,
2006,sp,12,5,0.920634921,0,0,0.079365079,0,0
,,,,,,,,,
2006,sp,10,1,0.968067227,0.031932773,0,0,0,0
,,,,,,,,,
2006,sp,10,2,1,0,0,0,0,0
,,,,,,,,,
2006,sp,10,3,1,0,0,0,0,0
,,,,,,,,,
2006,sp,10,4,1,0,0,0,0,0
,,,,,,,,,
2006,sp,10,5,1,0,0,0,0,0
,,,,,,,,,
2006,sp,7,1,1,0,0,0,0,0
,,,,,,,,,
2006,sp,7,2,1,0,0,0,0,0
,,,,,,,,,
2006,sp,7,3,0.993485342,0.006514658,0,0,0,0
,,,,,,,,,
2006,sp,7,4,0.993558776,0.006441224,0,0,0,0
,,,,,,,,,
2006,sp,7,5,0.987012987,0.012987013,0,0,0,0
,,,,,,,,,
2006,sp,5,1,1,0,0,0,0,0
,,,,,,,,,
2006,sp,5,2,1,0,0,0,0,0
,,,,,,,,,
2006,sp,5,3,0.993537964,0.006462036,0,0,0,0
,,,,,,,,,
2006,sp,5,4,0.995169082,0,0,0.004830918,0,0
,,,,,,,,,
2006,sp,5,5,0.988727858,0.003220612,0,0.00805153,0,0
,,,,,,,,,
2006,sp,4,1,1,0,0,0,0,0
,,,,,,,,,
2006,sp,4,2,1,0,0,0,0,0
,,,,,,,,,
2006,sp,4,3,1,0,0,0,0,0
,,,,,,,,,
2006,sp,4,4,1,0,0,0,0,0
,,,,,,,,,
2006,sp,4,5,1,0,0,0,0,0
,,,,,,,,,
2006,coc,6,1,0.055900621,0.869565217,0.049689441,0,0,0.02484472
,,,,,,,,,
2006,coc,6,2,0,0.768518519,0.111111111,0,0,0.12037037
,,,,,,,,,
2006,coc,6,3,0.35042735,0.435897436,0,0,0.213675214,0
,,,,,,,,,
2006,coc,6,4,0,0.974440895,0.025559105,0,0,0
,,,,,,,,,
2006,coc,6,5,0.306220096,0.679425837,0,0,0,0.014354067
,,,,,,,,,
2006,coc,5,1,0,0.985835694,0.014164306,0,0,0
,,,,,,,,,
2006,coc,5,2,0,0.936241611,0.063758389,0,0,0
,,,,,,,,,
2006,coc,5,3,0,1,0,0,0,0
,,,,,,,,,
2006,coc,5,4,0.426573427,0.020979021,0.276223776,0.013986014,0.262237762,0
,,,,,,,,,
2006,coc,5,5,0.524475524,0.247086247,0.020979021,0,0.207459207,0
,,,,,,,,,
2006,coc,3,1,0.525316456,0.424050633,0.03164557,0.018987342,0,0
,,,,,,,,,
2006,coc,3,2,0.30017452,0.181500873,0.022687609,0.008726003,0.486910995,0
,,,,,,,,,
2006,coc,3,3,0,1,0,0,0,0
,,,,,,,,,
2006,coc,3,4,0.004950495,0.163366337,0.00660066,0,0.825082508,0
,,,,,,,,,
2006,coc,3,5,0.022727273,0.242424242,0,0.005050505,0.72979798,0
,,,,,,,,,
2006,lara,10,1,0.992805755,0,0,0.007194245,0,0
,,,,,,,,,
2006,lara,10,2,0.422155689,0.523952096,0,0.053892216,0,0
,,,,,,,,,
2006,lara,10,3,0.792569659,0.176470588,0,0.030959752,0,0
,,,,,,,,,
2006,lara,10,4,0.934065934,0,0,0.065934066,0,0
,,,,,,,,,
2006,lara,10,5,0.789772727,0.167613636,0,0.042613636,0,0
,,,,,,,,,
2006,lara,7,1,0.857142857,0,0,0.142857143,0,0
,,,,,,,,,
2006,lara,7,2,0.919449902,0,0,0.080550098,0,0
,,,,,,,,,
2006,lara,7,3,0.902489627,0.039419087,0,0.058091286,0,0
,,,,,,,,,
2006,lara,7,4,0.938818565,0,0,0.061181435,0,0
,,,,,,,,,
2006,lara,7,5,0.922907489,0.019823789,0,0.057268722,0,0
,,,,,,,,,
2006,lara,4,1,0.835051546,0,0,0.164948454,0,0
,,,,,,,,,
2006,lara,4,2,0.708029197,0,0,0.291970803,0,0
,,,,,,,,,
2006,lara,4,3,0.768392371,0,0,0.231607629,0,0
,,,,,,,,,
2006,lara,4,4,0.795719844,0,0,0.204280156,0,0
,,,,,,,,,
2006,lara,4,5,0.833984375,0,0,0.166015625,0,0
,,,,,,,,,
2006,gol,10,1,0,0,0,0,1,0
,,,,,,,,,
2006,gol,10,2,0,0,0,0,1,0
,,,,,,,,,
2006,gol,10,3,0,0,0,0,1,0
,,,,,,,,,
2006,gol,10,4,0,0.591439689,0,0,0.408560311,0
,,,,,,,,,
2006,gol,10,5,0,0.275071633,0,0,0.724928367,0
,,,,,,,,,
2006,gol,8,1,0,0.581896552,0.021551724,0,0.396551724,0
,,,,,,,,,
2006,gol,8,2,0.495575221,0.380530973,0.088495575,0.03539823,0,0
,,,,,,,,,
2006,gol,8,3,0.788732394,0.14084507,0.042253521,0.028169014,0,0
,,,,,,,,,
2006,gol,8,4,0.3930131,0.524017467,0.030567686,0.052401747,0,0
,,,,,,,,,
2006,gol,8,5,0.443965517,0.452586207,0,0.012931034,0.090517241,0
,,,,,,,,,
2006,golb,12,1,0,0.972508591,0.027491409,0,0,0
,,,,,,,,,
2006,golb,12,2,0,0.989189189,0.010810811,0,0,0
,,,,,,,,,
2006,golb,12,3,0,0.962343096,0,0,0,0.037656904
,,,,,,,,,
2006,golb,12,4,0,1,0,0,0,0
,,,,,,,,,
2006,golb,12,5,0,0.966480447,0.016759777,0,0,0.016759777
,,,,,,,,,
2006,golb,10,1,0,1,0,0,0,0
,,,,,,,,,
2006,golb,10,2,0,0.99113082,0.00886918,0,0,0
,,,,,,,,,
2006,golb,10,3,0.45646438,0.527704485,0,0,0,0.015831135
,,,,,,,,,
2006,golb,10,4,0,1,0,0,0,0
,,,,,,,,,
2006,golb,10,5,0.029925187,0.957605985,0.004987531,0,0,0.007481297
,,,,,,,,,
2006,golb,8,1,0.234939759,0.725903614,0,0.039156627,0,0
,,,,,,,,,
2006,golb,8,2,0.421338156,0.578661844,0,0,0,0
,,,,,,,,,
2006,golb,8,3,0.47260274,0.52739726,0,0,0,0
,,,,,,,,,
2006,golb,8,4,0,1,0,0,0,0
,,,,,,,,,
2006,golb,8,5,0.29009434,0.702830189,0,0.007075472,0,0
,,,,,,,,,
2006,mm,7,1,0.989795918,0,0,0,0,0.010204082
,,,,,,,,,
2006,mm,7,2,0.994680851,0,0,0,0,0.005319149
,,,,,,,,,
2006,mm,7,3,1,0,0,0,0,0
,,,,,,,,,
2006,mm,7,4,0.885365854,0.041463415,0,0.073170732,0,0
,,,,,,,,,
2006,mm,7,5,0.915129151,0.046125461,0,0.035055351,0,0.003690037
,,,,,,,,,
2006,mm,5,1,1,0,0,0,0,0
,,,,,,,,,
2006,mm,5,2,0.968523002,0.031476998,0,0,0,0
,,,,,,,,,
2006,mm,5,3,0.577639752,0.422360248,0,0,0,0
,,,,,,,,,
2006,mm,5,4,0.8,0.173333333,0,0.026666667,0,0
,,,,,,,,,
2006,mm,5,5,0.843803056,0.142614601,0,0.013582343,0,0
,,,,,,,,,
2006,pel,7,1,0.052631579,0.947368421,0,0,0,0
,,,,,,,,,
2006,pel,7,2,0,0.973837209,0.026162791,0,0,0
,,,,,,,,,
2006,pel,7,3,0.331034483,0.603448276,0.05862069,0.006896552,0,0
,,,,,,,,,
2006,pel,7,4,0.265363128,0.701117318,0.033519553,0,0,0
,,,,,,,,,
2006,pel,7,5,0.227027027,0.747747748,0.01981982,0.005405405,0,0
,,,,,,,,,
2006,pel,5,1,0.091205212,0.908794788,0,0,0,0
,,,,,,,,,
2006,pel,5,2,0.011152416,0.988847584,0,0,0,0
,,,,,,,,,
2006,pel,5,3,0.05065666,0.934333959,0,0.015009381,0,0
,,,,,,,,,
2006,pel,5,4,0,1,0,0,0,0
,,,,,,,,,
2006,pel,5,5,0.06122449,0.918367347,0,0.020408163,0,0
,,,,,,,,,
2007,coc,4,1,0,1,0,0,0,0
,,,,,,,,,
2007,coc,4,2,0,1,0,0,0,0
,,,,,,,,,
2007,coc,4,3,0.029962547,0.925093633,0.04494382,0,0,0
,,,,,,,,,
2007,coc,4,4,0,0.733624454,0.034934498,0,0.231441048,0
,,,,,,,,,
2007,coc,4,5,0,0.853383459,0.022556391,0,0.12406015,0
,,,,,,,,,
2007,coc,4,1,0,0.28313253,0,0,0.71686747,0
,,,,,,,,,
2007,coc,4,2,0,0.079754601,0,0,0.920245399,0
,,,,,,,,,
2007,coc,4,3,0,0.562264151,0.037735849,0,0.4,0
,,,,,,,,,
2007,coc,4,4,0,0.165170557,0,0,0.834829443,0
,,,,,,,,,
2007,coc,4,5,0,0.037623762,0,0,0.962376238,0
,,,,,,,,,
2007,coc,4,1,0.120786517,0.241573034,0,0,0.637640449,0
,,,,,,,,,
2007,coc,4,2,0,0.828054299,0,0,0.171945701,0
,,,,,,,,,
2007,coc,4,3,0,0.991643454,0.008356546,0,0,0
,,,,,,,,,
2007,coc,4,4,0.213017751,0.727810651,0.035502959,0.023668639,0,0
,,,,,,,,,
2007,coc,4,5,0.486772487,0.513227513,0,0,0,0
,,,,,,,,,
2007,gol,6,1,0.730853392,0.269146608,0,0,0,0
,,,,,,,,,
2007,gol,6,2,0.879795396,0.099744246,0,0.020460358,0,0
,,,,,,,,,
2007,gol,6,3,0.970108696,0,0,0.029891304,0,0
,,,,,,,,,
2007,gol,6,4,0.971608833,0,0,0.028391167,0,0
,,,,,,,,,
2007,gol,6,5,0.964769648,0,0,0.035230352,0,0
,,,,,,,,,
2007,gol,3,1,0.821763602,0,0,0.178236398,0,0
,,,,,,,,,
2007,gol,3,2,0.8,0,0,0.2,0,0
,,,,,,,,,
2007,gol,3,3,0.850277264,0,0,0.149722736,0,0
,,,,,,,,,
2007,gol,3,4,0.523904382,0.065737052,0,0.410358566,0,0
,,,,,,,,,
2007,gol,3,5,0.890410959,0,0,0.109589041,0,0
,,,,,,,,,
2007,gol,3,1,0.936131387,0,0,0.063868613,0,0
,,,,,,,,,
2007,gol,3,2,0.80078125,0,0,0.19921875,0,0
,,,,,,,,,
2007,gol,3,3,0.943248532,0,0,0.056751468,0,0
,,,,,,,,,
2007,gol,3,4,0.929090909,0,0,0.070909091,0,0
,,,,,,,,,
2007,gol,3,5,0.7039801,0,0,0.2960199,0,0
,,,,,,,,,
2007,sp,9,1,0.975308642,0,0,0.024691358,0,0
,,,,,,,,,
2007,sp,9,2,0.994129159,0,0,0.005870841,0,0
,,,,,,,,,
2007,sp,9,3,0.992792793,0,0,0.007207207,0,0
,,,,,,,,,
2007,sp,9,4,0.994328922,0,0,0.005671078,0,0
,,,,,,,,,
2007,sp,9,5,1,0,0,0,0,0
,,,,,,,,,
2007,sp,8,1,0.998366013,0,0,0.001633987,0,0
,,,,,,,,,
2007,sp,8,2,1,0,0,0,0,0
,,,,,,,,,
2007,sp,8,3,1,0,0,0,0,0
,,,,,,,,,
2007,sp,8,4,0.994854202,0,0,0.005145798,0,0
,,,,,,,,,
2007,sp,8,5,0.994932432,0,0,0.005067568,0,0
,,,,,,,,,
2007,sp,5,1,0.986111111,0,0,0.013888889,0,0
,,,,,,,,,
2007,sp,5,2,1,0,0,0,0,0
,,,,,,,,,
2007,sp,5,3,0.995555556,0,0,0.004444444,0,0
,,,,,,,,,
2007,sp,5,4,1,0,0,0,0,0
,,,,,,,,,
2007,sp,5,5,1,0,0,0,0,0
,,,,,,,,,
2008,sp,9,1,1,0,0,0,0,0
,,,,,,,,,
2008,sp,9,2,1,0,0,0,0,0
,,,,,,,,,
2008,sp,9,3,0.967984934,0,0,0.032015066,0,0
,,,,,,,,,
2008,sp,9,4,1,0,0,0,0,0
,,,,,,,,,
2008,sp,9,5,1,0,0,0,0,0
,,,,,,,,,
2008,sp,12,1,1,0,0,0,0,0
,,,,,,,,,
2008,sp,12,2,0.681818182,0,0,0.318181818,0,0
,,,,,,,,,
2008,sp,12,3,0.76,0,0,0.24,0,0
,,,,,,,,,
2008,sp,12,4,1,0,0,0,0,0
,,,,,,,,,
2008,sp,12,5,0.842105263,0,0,0.157894737,0,0
,,,,,,,,,
2008,sp,8,1,0.971947195,0.028052805,0,0,0,0
,,,,,,,,,
2008,sp,8,2,1,0,0,0,0,0
,,,,,,,,,
2008,sp,8,3,1,0,0,0,0,0
,,,,,,,,,
2008,sp,8,4,0.966911765,0.033088235,0,0,0,0
,,,,,,,,,
2008,sp,8,5,0.926356589,0.073643411,0,0,0,0
,,,,,,,,,
2008,sp,7,1,1,0,0,0,0,0
,,,,,,,,,
2008,sp,7,2,1,0,0,0,0,0
,,,,,,,,,
2008,sp,7,3,1,0,0,0,0,0
,,,,,,,,,
2008,sp,7,4,1,0,0,0,0,0
,,,,,,,,,
2008,sp,7,5,1,0,0,0,0,0
,,,,,,,,,
2008,sp,5,1,1,0,0,0,0,0
,,,,,,,,,
2008,sp,5,2,1,0,0,0,0,0
,,,,,,,,,
2008,sp,5,3,0.988727858,0,0,0.011272142,0,0
,,,,,,,,,
2008,sp,5,4,0.990338164,0,0,0.009661836,0,0
,,,,,,,,,
2008,sp,5,5,0.972267537,0,0,0.027732463,0,0
,,,,,,,,,
2008,sp,5,6,0.93289689,0,0,0.06710311,0,0
,,,,,,,,,
2008,sp,5,7,1,0,0,0,0,0
,,,,,,,,,
2008,sp,5,8,0.913621262,0,0,0.086378738,0,0
,,,,,,,,,
2008,sp,5,9,0.96969697,0,0,0.03030303,0,0
,,,,,,,,,
2008,sp,5,10,0.975490196,0,0,0.024509804,0,0
,,,,,,,,,
2008,sp,5,11,0.987117552,0,0,0.012882448,0,0
,,,,,,,,,
2008,sp,5,12,1,0,0,0,0,0
,,,,,,,,,
2008,sp,5,13,1,0,0,0,0,0
,,,,,,,,,
2008,sp,5,14,1,0,0,0,0,0
,,,,,,,,,
2008,sp,5,15,1,0,0,0,0,0
,,,,,,,,,
2008,sp,3,1,1,0,0,0,0,0
,,,,,,,,,
2008,sp,3,2,1,0,0,0,0,0
,,,,,,,,,
2008,sp,3,3,1,0,0,0,0,0
,,,,,,,,,
2008,sp,3,4,0.956521739,0,0,0.043478261,0,0
,,,,,,,,,
2008,sp,3,5,0.933977456,0,0,0.066022544,0,0
,,,,,,,,,
2008,sp,4,1,0.969178082,0,0,0.030821918,0,0
,,,,,,,,,
2008,sp,4,2,1,0,0,0,0,0
,,,,,,,,,
2008,sp,4,3,1,0,0,0,0,0
,,,,,,,,,
2008,sp,4,4,0.983455882,0,0,0.016544118,0,0
,,,,,,,,,
2008,sp,4,5,1,0,0,0,0,0
,,,,,,,,,
2008,sp,5,16,1,0,0,0,0,0
,,,,,,,,,
2008,sp,5,17,0.982084691,0,0,0.017915309,0,0
,,,,,,,,,
2008,sp,5,18,1,0,0,0,0,0
,,,,,,,,,
2008,sp,5,19,1,0,0,0,0,0
,,,,,,,,,
2008,sp,5,20,1,0,0,0,0,0
,,,,,,,,,
2008,sp,5,21,1,0,0,0,0,0
,,,,,,,,,
2008,sp,5,22,1,0,0,0,0,0
,,,,,,,,,
2008,sp,5,23,1,0,0,0,0,0
,,,,,,,,,
2008,sp,5,24,1,0,0,0,0,0
,,,,,,,,,
2008,sp,5,25,1,0,0,0,0,0
,,,,,,,,,
2008,gol,8,1,0,0,0,0,1,0
,,,,,,,,,
2008,gol,8,2,0,0.093023256,0,0,0.906976744,0
,,,,,,,,,
2008,gol,8,3,0,0.25,0,0,0.75,0
,,,,,,,,,
2008,gol,8,4,0,0.190871369,0,0,0.809128631,0
,,,,,,,,,
2008,gol,8,5,0,0,0,0,1,0
,,,,,,,,,
2008,gol,8,6,0,1,0,0,0,0
,,,,,,,,,
2008,gol,8,7,0.198237885,0.669603524,0.030837004,0.101321586,0,0
,,,,,,,,,
2008,gol,8,8,0.088888889,0.888888889,0.022222222,0,0,0
,,,,,,,,,
2008,gol,8,9,0.164835165,0.835164835,0,0,0,0
,,,,,,,,,
2008,gol,8,10,0.724137931,0.231034483,0.044827586,0,0,0
,,,,,,,,,
2008,gol,8,11,0,1,0,0,0,0
,,,,,,,,,
2008,gol,8,12,0,0.962566845,0.037433155,0,0,0
,,,,,,,,,
2008,gol,8,13,0,0.98568873,0.01431127,0,0,0
,,,,,,,,,
2008,gol,8,14,0.02173913,0.97826087,0,0,0,0
,,,,,,,,,
2008,gol,8,15,0,0.990990991,0,0,0,0.009009009
,,,,,,,,,
2008,gol,8,16,0.54965358,0.45034642,0,0,0,0
,,,,,,,,,
2008,gol,8,17,0.107142857,0.857142857,0,0.025,0,0.010714286
,,,,,,,,,
2008,gol,8,18,0,0.991150442,0,0,0,0.008849558
,,,,,,,,,
2008,gol,8,19,0,1,0,0,0,0
,,,,,,,,,
2008,gol,8,20,0.197943445,0.802056555,0,0,0,0
,,,,,,,,,
2008,coc,4,1,0,1,0,0,0,0
,,,,,,,,,
2008,coc,4,2,0,1,0,0,0,0
,,,,,,,,,
2008,coc,4,3,0,1,0,0,0,0
,,,,,,,,,
2008,coc,4,4,0,1,0,0,0,0
,,,,,,,,,
2008,coc,4,5,0.075630252,0.924369748,0,0,0,0
,,,,,,,,,
2008,coc,4,6,0,1,0,0,0,0
,,,,,,,,,
2008,coc,4,7,0,1,0,0,0,0
,,,,,,,,,
2008,coc,4,8,0,0.602649007,0,0,0.397350993,0
,,,,,,,,,
2008,coc,4,9,0,0.549295775,0,0,0.450704225,0
,,,,,,,,,
2008,coc,4,10,0,0.156716418,0,0,0.843283582,0
,,,,,,,,,
2008,coc,3,1,0,0.107142857,0,0,0.892857143,0
,,,,,,,,,
2008,coc,3,2,0,0,0.029850746,0,0.970149254,0
,,,,,,,,,
2008,coc,3,3,0.80952381,0.077380952,0.023809524,0,0.089285714,0
,,,,,,,,,
2008,coc,3,4,0,0.511627907,0.063122924,0,0.425249169,0
,,,,,,,,,
2008,coc,3,5,0,0.956375839,0.043624161,0,0,0
,,,,,,,,,
2008,pel,6,1,0.088452088,0.891891892,0.01965602,0,0,0
,,,,,,,,,
2008,pel,6,2,0.437956204,0.515815085,0.04622871,0,0,0
,,,,,,,,,
2008,pel,6,3,0.286885246,0.696721311,0.016393443,0,0,0
,,,,,,,,,
2008,pel,6,4,0.234615385,0.692307692,0.030769231,0.042307692,0,0
,,,,,,,,,
2008,pel,6,5,0.221893491,0.75443787,0.023668639,0,0,0
,,,,,,,,,
2008,pel,6,6,0.194214876,0.805785124,0,0,0,0
,,,,,,,,,
2008,pel,6,7,0,0.979381443,0.020618557,0,0,0
,,,,,,,,,
2008,pel,6,8,0,1,0,0,0,0
,,,,,,,,,
2008,pel,6,9,0.142857143,0.714285714,0.086309524,0.056547619,0,0
,,,,,,,,,
2008,pel,6,10,0.209497207,0.759776536,0.030726257,0,0,0
,,,,,,,,,
2008,mm,3,1,0.406976744,0.593023256,0,0,0,0
,,,,,,,,,
2008,mm,3,2,1,0,0,0,0,0
,,,,,,,,,
2008,mm,3,3,1,0,0,0,0,0
,,,,,,,,,
2008,mm,3,4,0.046822742,0.953177258,0,0,0,0
,,,,,,,,,
2008,mm,3,5,0.846394984,0.153605016,0,0,0,0
,,,,,,,,,
2008,mm,3,6,1,0,0,0,0,0
,,,,,,,,,
2008,mm,3,7,0.984455959,0,0,0,0,0.015544041
,,,,,,,,,
2008,mm,3,8,0.99270073,0,0,0,0,0.00729927
,,,,,,,,,
2008,mm,3,9,0.995918367,0,0,0,0,0.004081633
,,,,,,,,,
2008,mm,3,10,1,0,0,0,0,0
,,,,,,,,,
2009,sp,11.6-9.2,1,0,0,0,0,0,0
,,,,,,,,,
2009,sp,11.6-9.2,2,0,0,0,1,0,0
,,,,,,,,,
2009,sp,11.6-9.2,3,0,0,0,0,0,0
,,,,,,,,,
2009,sp,11.6-9.2,4,0,0,0,0,0,0
,,,,,,,,,
2009,sp,11.6-9.2,5,0,0,0,0,0,0
,,,,,,,,,
2009,sp,10.9-7.1,1,0,0,0,0,0,0
,,,,,,,,,
2009,sp,10.9-7.1,2,0,0,0,0,0,0
,,,,,,,,,
2009,sp,10.9-7.1,3,0,0,0,0,0,0
,,,,,,,,,
2009,sp,10.9-7.1,4,0,0,0,0,0,0
,,,,,,,,,
2009,sp,10.9-7.1,5,0,0,0,0,0,0
,,,,,,,,,
2009,sp,7-5.5,1,0,0,0,0,0,0
,,,,,,,,,
2009,sp,7-5.5,2,0,0,0,0,0,0
,,,,,,,,,
2009,sp,7-5.5,3,0,0,0,0,0,0
,,,,,,,,,
2009,sp,7-5.5,4,0,0,0,0,0,0
,,,,,,,,,
2009,sp,7-5.5,5,0,0,0,0,0,0
,,,,,,,,,
2009,sp,5-4.7,1,0,0,0,0,0,0
,,,,,,,,,
2009,sp,5-4.7,2,0,0,0,0,0,0
,,,,,,,,,
2009,sp,5-4.7,3,0,0,0,0,0,0
,,,,,,,,,
2009,sp,5-4.7,4,0,0,0,1,0,0
,,,,,,,,,
2009,sp,5-4.7,5,0,0,0,0,0,0
,,,,,,,,,
2009,gol,8.5-10,1,0,0,0,0,0,0
,,,,,,,,,
2009,gol,8.5-10,2,0,0,0,0,0,0
,,,,,,,,,
2009,gol,8.5-10,3,0,1,0,0,0,0
,,,,,,,,,
2009,gol,8.5-10,4,0,0,0,0,0,0
,,,,,,,,,
2009,gol,8.5-10,5,0,0.714285714,0,0,0.285714286,0
,,,,,,,,,
2009,gol,8.5-10,6,0,0.987012987,0,0.012987013,0,0
,,,,,,,,,
2009,gol,8.5-10,7,0,0.981308411,0,0.018691589,0,0
,,,,,,,,,
2009,gol,8.5-10,8,0,1,0,0,0,0
,,,,,,,,,
2009,gol,8.5-10,9,0,1,0,0,0,0
,,,,,,,,,
2009,gol,8.5-10,10,0,1,0,0,0,0
,,,,,,,,,
2009,gol,8.5-10,11,0,1,0,0,0,0
,,,,,,,,,
2009,gol,8.5-10,12,0,1,0,0,0,0
,,,,,,,,,
2009,gol,8.5-10,13,0,0.987124464,0.012875536,0,0,0
,,,,,,,,,
2009,gol,8.5-10,14,0,0.969465649,0,0,0,0.030534351
,,,,,,,,,
2009,gol,8.5-10,15,0,1,0,0,0,0
,,,,,,,,,
2009,gol,8.5-10,16,0,1,0,0,0,0
,,,,,,,,,
2009,gol,8.5-10,17,0,1,0,0,0,0
,,,,,,,,,
2009,gol,8.5-10,18,0,0,0,0,0,0
,,,,,,,,,
2009,gol,8.5-10,19,0,0,0,0,0,0
,,,,,,,,,
2009,gol,8.5-10,20,0,0,0,0,0,0
,,,,,,,,,
2009,gol,8.5-10,21,0,1,0,0,0,0
,,,,,,,,,
2009,gol,8.5-10,22,0,1,0,0,0,0
,,,,,,,,,
2009,gol,8.5-10,23,0,0.925925926,0.074074074,0,0,0
,,,,,,,,,
2009,gol,8.5-10,24,0,0.970873786,0,0.029126214,0,0
,,,,,,,,,
2009,gol,8.5-10,25,0,0.923076923,0,0.076923077,0,0
,,,,,,,,,
2009,lara,8,1,0,1,0,0,0,0
,,,,,,,,,
2009,lara,8,2,0,1,0,0,0,0
,,,,,,,,,
2009,lara,8,3,0,0.967741935,0,0.032258065,0,0
,,,,,,,,,
2009,lara,8,4,0,0.911111111,0,0.088888889,0,0
,,,,,,,,,
2009,lara,8,5,0,0.433333333,0,0.566666667,0,0
,,,,,,,,,
2009,lara,8,6,0,0.984251969,0,0.015748031,0,0
,,,,,,,,,
2009,lara,8,7,0,0,0,1,0,0
,,,,,,,,,
2009,lara,8,8,0,0,0,0,0,0
,,,,,,,,,
2009,lara,8,9,0,0,0,1,0,0
,,,,,,,,,
2009,lara,8,10,0,0,0,0,0,0
,,,,,,,,,
2009,lara,4,1,0,0,0,1,0,0
,,,,,,,,,
2009,lara,4,2,0,0,0,1,0,0
,,,,,,,,,
2009,lara,4,3,0,0,0,1,0,0
,,,,,,,,,
2009,lara,4,4,0,0,0,1,0,0
,,,,,,,,,
2009,lara,4,5,0,0,0,1,0,0
,,,,,,,,,
2009,lara,4,6,0,0,0,1,0,0
,,,,,,,,,
2009,lara,4,7,0,0,0,0,0,0
,,,,,,,,,
2009,lara,4,8,0,0,0,0,0,0
,,,,,,,,,
2009,lara,4,9,0,0,0,1,0,0
,,,,,,,,,
2009,lara,4,10,0,0,0,1,0,0
,,,,,,,,,
2009,lara,4,11,0,0,0,0,0,0
,,,,,,,,,
2009,lara,4,12,0,0,0,0,0,0
,,,,,,,,,
2009,lara,4,13,0,0,0,1,0,0
,,,,,,,,,
2009,lara,4,14,0,0,0,0,0,0
,,,,,,,,,
2009,lara,4,15,0,0,0,0,0,0
,,,,,,,,,
2009,pel,6,1,0,0,0,0,0,0
,,,,,,,,,
2009,pel,6,2,0,1,0,0,0,0
,,,,,,,,,
2009,pel,6,3,0,0.917647059,0.082352941,0,0,0
,,,,,,,,,
2009,pel,6,4,0,0.971428571,0.028571429,0,0,0
,,,,,,,,,
2009,pel,6,5,0,0.974576271,0.025423729,0,0,0
,,,,,,,,,
2009,pel,6,6,0,1,0,0,0,0
,,,,,,,,,
2009,pel,6,7,0,0.866666667,0.133333333,0,0,0
,,,,,,,,,
2009,pel,6,8,0,0.924050633,0.075949367,0,0,0
,,,,,,,,,
2009,pel,6,9,0,1,0,0,0,0
,,,,,,,,,
2009,pel,6,10,0,1,0,0,0,0
,,,,,,,,,
2009,pel,6,11,0,1,0,0,0,0
,,,,,,,,,
2009,pel,6,12,0,0.845070423,0.154929577,0,0,0
,,,,,,,,,
2009,pel,6,13,0,0.842857143,0.157142857,0,0,0
,,,,,,,,,
2009,pel,6,14,0,0.891891892,0.108108108,0,0,0
,,,,,,,,,
2009,pel,6,15,0,0,1,0,0,0
,,,,,,,,,
2009,coc,6,1,0,1,0,0,0,0
,,,,,,,,,
2009,coc,6,2,0,1,0,0,0,0
,,,,,,,,,
2009,coc,6,3,0,1,0,0,0,0
,,,,,,,,,
2009,coc,6,4,0,0.979381443,0.020618557,0,0,0
,,,,,,,,,
2009,coc,6,5,0,1,0,0,0,0
,,,,,,,,,
2009,coc,4,1,0,1,0,0,0,0
,,,,,,,,,
2009,coc,4,2,0,1,0,0,0,0
,,,,,,,,,
2009,coc,4,3,0,0,1,0,0,0
,,,,,,,,,
2009,coc,4,4,0,0,0,0,0,0
,,,,,,,,,
2009,coc,4,5,0,0,0,0,0,0
,,,,,,,,,
2009,coc,2,1,0,0.882352941,0.117647059,0,0,0
,,,,,,,,,
2009,coc,2,2,0,0.308641975,0,0,0.691358025,0
,,,,,,,,,
2009,coc,2,3,0,0.179104478,0,0,0.820895522,0
,,,,,,,,,
2009,coc,2,4,0,0,0.230769231,0,0.769230769,0
,,,,,,,,,
2009,coc,2,5,0,0,1,0,0,0
,,,,,,,,,
2009,mm,4,1,0,0,0,0,0,0
,,,,,,,,,
2009,mm,4,2,0,0,0,0,0,0
,,,,,,,,,
2009,mm,4,3,0,1,0,0,0,0
,,,,,,,,,
2009,mm,4,4,0,1,0,0,0,0
,,,,,,,,,
2009,mm,4,5,0,0,0,0,0,0
,,,,,,,,,
2009,mm,4,6,0,0,0,0,0,0
,,,,,,,,,
2009,mm,4,7,0,0,0,0,0,0
,,,,,,,,,
2009,mm,4,8,0,0,0,0,0,0
,,,,,,,,,
2009,mm,4,9,0,0,0,0,0,0
,,,,,,,,,
2009,mm,4,10,0,0,0,0,0,0
,,,,,,,,,
2009,mm,4,11,0,0,0,0,0,0
,,,,,,,,,
2009,mm,4,12,0,0,0,0,0,0
,,,,,,,,,
2009,mm,4,13,0,0,0,0,0,0
,,,,,,,,,
2009,mm,4,14,0,0,0,0,0,0
,,,,,,,,,
2009,mm,4,15,0,0,0,0,0,1
,,,,,,,,,
2017,sp,5,1,0,0.1,0,0.9,0,0
,,,,,,,,,
2017,sp,5,2,0,0,0,1,0,0
,,,,,,,,,
2017,sp,5,3,0.25,0,0,0.75,0,0
,,,,,,,,,
2017,sp,3,4,0,0,0,1,0,0
,,,,,,,,,
2017,sp,3,5,0,0,0,0,0,0
,,,,,,,,,
2017,sp,3,6,0,0,0,0,0,0
,,,,,,,,,
2017,sp,5,7,0,0.071428571,0,0.928571429,0,0
,,,,,,,,,
2017,sp,5,8,0,0.033333333,0,0.966666667,0,0
,,,,,,,,,
2017,sp,5,9,0,0,0,0,0,0
,,,,,,,,,
2017,sp,5,10,0,0,0,1,0,0
,,,,,,,,,
2017,sp,5,11,0,0,0,1,0,0
,,,,,,,,,
2017,sp,5,12,0,0,0,1,0,0
,,,,,,,,,
2017,sp,3,13,0,0,0,1,0,0
,,,,,,,,,
2017,sp,3,14,0,0,0,1,0,0
,,,,,,,,,
2017,sp,3,15,0,0,0,1,0,0
,,,,,,,,,
2017,sp,5,16,0,0.131147541,0,0.868852459,0,0
,,,,,,,,,
2017,sp,5,17,0,0,0,0,0,0
,,,,,,,,,
2017,sp,5,18,0.020408163,0.081632653,0,0.897959184,0,0
,,,,,,,,,
2017,coc,5,1,0,0.878787879,0.121212121,0,0,0
,,,,,,,,,
2017,coc,5,2,0,1,0,0,0,0
,,,,,,,,,
2017,coc,5,3,0,0.603448276,0.396551724,0,0,0
,,,,,,,,,
2017,coc,5,4,0,0.037037037,0.962962963,0,0,0
,,,,,,,,,
2017,coc,5,5,0.2,0,0.8,0,0,0
,,,,,,,,,
2017,coc,5,6,0,0.447368421,0.552631579,0,0,0
,,,,,,,,,
2017,coc,3,1,0,0,0.464285714,0,0.535714286,0
,,,,,,,,,
2017,coc,3,2,0,0.394366197,0.591549296,0,0.014084507,0
,,,,,,,,,
2017,coc,3,3,0,0.409090909,0.590909091,0,0,0
,,,,,,,,,
2017,coc,5,7,0.025641026,0.064102564,0.833333333,0.076923077,0,0
,,,,,,,,,
2017,coc,5,8,0,0.770833333,0.229166667,0,0,0
,,,,,,,,,
2017,coc,5,9,0,1,0,0,0,0
,,,,,,,,,
2018,coc,3,1,0.025641026,0.064102564,0.833333333,0.076923077,0,0
,,,,,,,,,
2018,coc,3,2,0,0.770833333,0.229166667,0,0,0
,,,,,,,,,
2018,coc,3,3,0,1,0,0,0,0
,,,,,,,,,
2018,coc,5,1,0.025641026,0.064102564,0.833333333,0.076923077,0,0
,,,,,,,,,
2018,coc,5,2,0,0.770833333,0.229166667,0,0,0
,,,,,,,,,
2018,coc,5,3,0,1,0,0,0,0
,,,,,,,,,
2018,coc,3,4,0,0.411764706,0.176470588,0,0.411764706,0
,,,,,,,,,
2018,coc,3,5,0.02173913,0.260869565,0.695652174,0.02173913,0,0
,,,,,,,,,
2018,coc,3,6,0,0.578947368,0.105263158,0.315789474,0,0
,,,,,,,,,
2018,coc,5,4,0,0.875,0.125,0,0,0
,,,,,,,,,
2018,coc,5,5,0,0.571428571,0.142857143,0.285714286,0,0
,,,,,,,,,
2018,coc,5,6,0,0,0,1,0,0
,,,,,,,,,
2017,mm,5,1,0.090909091,0.090909091,0,0,0,0.818181818
,,,,,,,,,
2017,mm,5,2,0.046511628,0,0,0,0,0.953488372
,,,,,,,,,
2017,mm,5,3,0.21875,0,0,0,0,0.78125
,,,,,,,,,
2017,mm,3,1,1,0,0,0,0,0
,,,,,,,,,
2017,mm,3,2,1,0,0,0,0,0
,,,,,,,,,
2017,mm,3,3,0,0,0,0,0,0
,,,,,,,,,
2017,mm,5,4,0,0,0,0,0,0
,,,,,,,,,
2017,mm,5,5,0,0,0,0,0,0
,,,,,,,,,
2017,mm,5,6,0,0,0,0,0,0
,,,,,,,,,
2017,mm,5,7,0.037037037,0,0,0,0,0.962962963
,,,,,,,,,
2017,mm,5,8,0,0,0,1,0,0
,,,,,,,,,
2017,mm,5,9,0,0.1,0,0.1,0,0.8
,,,,,,,,,
2017,mm,3,4,0.5,0,0.5,0,0,0
,,,,,,,,,
2017,mm,3,5,0,0,0,0,0,1
,,,,,,,,,
2017,mm,3,6,0.028571429,0,0,0,0,0.971428571
,,,,,,,,,
2017,mm,5,10,0.333333333,0.5,0,0,0,0.166666667
,,,,,,,,,
2017,mm,5,11,0.25,0.5,0,0,0,0.25
,,,,,,,,,
2017,mm,5,12,0.75,0.25,0,0,0,0
,,,,,,,,,
2018,mm,3,1,0.333333333,0.5,0,0,0,0.166666667
,,,,,,,,,
2018,mm,3,2,0.25,0.5,0,0,0,0.25
,,,,,,,,,
2018,mm,3,3,0.75,0.25,0,0,0,0
,,,,,,,,,
2018,mm,5,1,0.333333333,0.5,0,0,0,0.166666667
,,,,,,,,,
2018,mm,5,2,0.25,0.5,0,0,0,0.25
,,,,,,,,,
2018,mm,5,3,0.75,0.25,0,0,0,0
,,,,,,,,,
2018,mm,3,4,0,0,0,1,0,0
,,,,,,,,,
2018,mm,3,5,0.066666667,0,0,0.933333333,0,0
,,,,,,,,,
2018,mm,3,6,0,1,0,0,0,0
,,,,,,,,,
2018,mm,5,4,0,0,0,0,0,0
,,,,,,,,,
2018,mm,5,5,0,0,0,0,0,0
,,,,,,,,,
2018,mm,5,6,0,0,0,0,0,0
,,,,,,,,,
2017,gol,5,1,0,0.111111111,0.333333333,0.555555556,0,0
,,,,,,,,,
2017,gol,5,2,0,0.5625,0.395833333,0,0.041666667,0
,,,,,,,,,
2017,gol,5,3,0,0.333333333,0.666666667,0,0,0
,,,,,,,,,
2017,gol,3,1,0,0,0,0,0,0
,,,,,,,,,
2017,gol,3,2,0,0.5,0.5,0,0,0
,,,,,,,,,
2017,gol,3,3,0,1,0,0,0,0
,,,,,,,,,
2017,gol,5,4,0,0.179487179,0.487179487,0.333333333,0,0
,,,,,,,,,
2017,gol,5,5,0,0.3125,0.5625,0.125,0,0
,,,,,,,,,
2017,gol,5,6,0,0.6,0.4,0,0,0
,,,,,,,,,
2017,gol,5,7,0,0.666666667,0.333333333,0,0,0
,,,,,,,,,
2017,gol,5,8,0,0,0,0,0,0
,,,,,,,,,
2017,gol,5,9,0,0,0,0,0,0
,,,,,,,,,
2017,gol,3,4,0.047619048,0,0.19047619,0.142857143,0,0.619047619
,,,,,,,,,
2017,gol,3,5,0,0,0.833333333,0.111111111,0,0.055555556
,,,,,,,,,
2017,gol,3,6,0,0.333333333,0.458333333,0.208333333,0,0
,,,,,,,,,
2017,gol,5,10,0.011764706,0.576470588,0.223529412,0.188235294,0,0
,,,,,,,,,
2017,gol,5,11,0,0.157894737,0.368421053,0.394736842,0,0.078947368
,,,,,,,,,
2017,gol,5,12,0.25,0,0.5,0,0,0.25
,,,,,,,,,
2018,gol,3,1,0.011764706,0.576470588,0.223529412,0.188235294,0,0
,,,,,,,,,
2018,gol,3,2,0,0.157894737,0.368421053,0.394736842,0,0.078947368
,,,,,,,,,
2018,gol,3,3,0.25,0,0.5,0,0,0.25
,,,,,,,,,
2018,gol,5,1,0.011764706,0.576470588,0.223529412,0.188235294,0,0
,,,,,,,,,
2018,gol,5,2,0,0.157894737,0.368421053,0.394736842,0,0.078947368
,,,,,,,,,
2018,gol,5,3,0.25,0,0.5,0,0,0.25
,,,,,,,,,
2018,gol,3,4,0,0.380952381,0.476190476,0.142857143,0,0
,,,,,,,,,
2018,gol,3,5,0,0.3,0.7,0,0,0
,,,,,,,,,
2018,gol,3,6,0,0,1,0,0,0
,,,,,,,,,
2018,gol,5,4,0,0.315789474,0.684210526,0,0,0
,,,,,,,,,
2018,gol,5,5,0,0.423076923,0.115384615,0.269230769,0,0.192307692
,,,,,,,,,
2018,gol,5,6,0,0.178571429,0.642857143,0.107142857,0.071428571,0
,,,,,,,,,
2017,pel,5,1,0,0.742857143,0.228571429,0.028571429,0,0
,,,,,,,,,
2017,pel,5,2,0,0.952380952,0.047619048,0,0,0
,,,,,,,,,
2017,pel,5,3,0,0.5,0.5,0,0,0
,,,,,,,,,
2017,pel,3,1,0,1,0,0,0,0
,,,,,,,,,
2017,pel,3,2,0,0,0,0,0,0
,,,,,,,,,
2017,pel,3,3,0,0,0,0,0,0
,,,,,,,,,
2017,pel,5,4,0,0.451612903,0.548387097,0,0,0
,,,,,,,,,
2017,pel,5,5,0,0.377777778,0.444444444,0.177777778,0,0
,,,,,,,,,
2017,pel,5,6,0,0.432432432,0.324324324,0.243243243,0,0
,,,,,,,,,
2017,pel,5,4,0,1,0,0,0,0
,,,,,,,,,
2017,pel,5,5,0.75,0.25,0,0,0,0
,,,,,,,,,
2017,pel,5,6,1,0,0,0,0,0
,,,,,,,,,
2017,pel,3,4,0,0,0,0,0,0
,,,,,,,,,
2017,pel,3,5,0,0,0,0,0,0
,,,,,,,,,
2017,pel,3,6,0,0,0,0,0,0
,,,,,,,,,
2017,pel,5,7,0,0.686567164,0.149253731,0.164179104,0,0
,,,,,,,,,
2017,pel,5,8,0.003745318,0.917602996,0.014981273,0.063670412,0,0
,,,,,,,,,
2017,pel,5,9,0,0.731543624,0.046979866,0.22147651,0,0
,,,,,,,,,
2018,pel,3,1,0,0.686567164,0.149253731,0.164179104,0,0
,,,,,,,,,
2018,pel,3,2,0.003745318,0.917602996,0.014981273,0.063670412,0,0
,,,,,,,,,
2018,pel,3,3,0,0.731543624,0.046979866,0.22147651,0,0
,,,,,,,,,
2018,pel,5,1,0,0.686567164,0.149253731,0.164179104,0,0
,,,,,,,,,
2018,pel,5,2,0.003745318,0.917602996,0.014981273,0.063670412,0,0
,,,,,,,,,
2018,pel,5,3,0,0.731543624,0.046979866,0.22147651,0,0
,,,,,,,,,
2018,pel,3,4,0,0.256410256,0.461538462,0.282051282,0,0
,,,,,,,,,
2018,pel,3,5,0,0.666666667,0.261904762,0.071428571,0,0
,,,,,,,,,
2018,pel,3,6,0,0.305555556,0.388888889,0.305555556,0,0
,,,,,,,,,
2018,pel,5,4,0,0.285714286,0.714285714,0,0,0
,,,,,,,,,
2018,pel,5,5,0.032258065,0.387096774,0.516129032,0.064516129,0,0
,,,,,,,,,
2018,pel,5,6,0,0.166666667,0.791666667,0.041666667,0,0
,,,,,,,,,
2018,sp,3,1,0,0.131147541,0,0.868852459,0,0
,,,,,,,,,
2018,sp,3,2,0,0,0,0,0,0
,,,,,,,,,
2018,sp,3,3,0.020408163,0.081632653,0,0.897959184,0,0
,,,,,,,,,
2018,sp,5,1,0,0.131147541,0,0.868852459,0,0
,,,,,,,,,
2018,sp,5,2,0,0,0,0,0,0
,,,,,,,,,
2018,sp,5,3,0.020408163,0.081632653,0,0.897959184,0,0
,,,,,,,,,
2018,sp,3,4,0,0.015384615,0,0.984615385,0,0
,,,,,,,,,
2018,sp,3,5,0,0,0,1,0,0
,,,,,,,,,
2018,sp,3,6,0,0,0,1,0,0
,,,,,,,,,
2018,sp,5,4,0,0,0,1,0,0
,,,,,,,,,
2018,sp,5,5,0.028571429,0.057142857,0,0.914285714,0,0
,,,,,,,,,
2018,sp,5,6,0.052631579,0.052631579,0,0.894736842,0,0
,,,,,,,,,
2017,Lara,5,1,0,0,0,1,0,0
2017,Lara,5,2,0,0,0,1,0,0
2017,Lara,5,3,0,0,0,0,0,0
2017,Lara,3,1,0,0,0,1,0,0
2017,Lara,3,2,0,0,0,0,0,0
2017,Lara,3,3,0,0,0,0,0,0
2017,Lara,5,1,0,0,0,1,0,0
2017,Lara,5,2,0,0,0,1,0,0
2017,Lara,5,3,0,0,0,1,0,0
2017,Lara,3,1,0,0,0,1,0,0
2017,Lara,3,2,0.079584775,0,0,0.920415225,0,0
2017,Lara,3,3,0,0,0,0,0,0
2017,Lara,5,1,0,0,0,1,0,0
2017,Lara,5,2,0,0,0,1,0,0
2017,Lara,5,3,0,0,0,1,0,0
2018,Lara,5,1,0,0,0,1,0,0
2018,Lara,5,2,0,0,0,1,0,0
2018,Lara,5,3,0,0,0,1,0,0
2018,Lara,3,1,0,0,0,1,0,0
2018,Lara,3,2,0,0,0,1,0,0
2018,Lara,3,3,0.054545455,0.018181818,0,0.927272727,0,0
2018,Lara,5,1,0,0,0,1,0,0
2018,Lara,5,2,0,0,0,1,0,0
2018,Lara,5,3,0,0,0,0,0,0
2018,Lara,3,1,0.001212121,0,0,0.998787879,0,0
2018,Lara,3,2,0,0,0,1,0,0
2018,Lara,3,3,0,0,0,1,0,0
2018,Lara,5,1,0,0,0,1,0,0
2018,Lara,5,2,0,0,0,1,0,0
2018,Lara,5,3,0,0,0,1,0,0
2019,Lara,3,1,0.151515152,0,0,0.848484848,0,0
2019,Lara,3,2,0.064705882,0,0,0.935294118,0,0
2019,Lara,3,3,0,0,0,1,0,0
2019,Lara,5,1,0.028846154,0,0,0.971153846,0,0
2019,Lara,5,2,0.093406593,0,0,0.906593407,0,0
2019,Lara,5,3,0,0,0,1,0,0
2019,coc,3,1,0,0.458333333,0.5,0.041666667,0,0
2019,coc,3,2,0,0.875,0.125,0,0,0
2019,coc,3,3,0,0,0,0,0,0
2019,coc,5,1,0,0.352941176,0.617647059,0,0.029411765,0
2019,coc,5,2,0,0,0,0,0,0
2019,coc,5,3,0,0.92,0.08,0,0,0
2019,coc,3,1,0,0.106060606,0.166666667,0,0.727272727,0
2019,coc,3,2,0,0.511627907,0.488372093,0,0,0
2019,coc,3,3,0.125,0.0625,0.8125,0,0,0
2019,coc,5,1,0,0.638888889,0.361111111,0,0,0
2019,coc,5,2,0,0.666666667,0.125,0.208333333,0,0
2019,coc,5,3,0,1,0,0,0,0
2019,mm,3,1,0.041666667,0,0,0.333333333,0,0.625
2019,mm,3,2,0.333333333,0,0,0.166666667,0,0.5
2019,mm,3,3,0,1,0,0,0,0
2019,mm,5,1,1,0,0,0,0,0
2019,mm,5,2,1,0,0,0,0,0
2019,mm,5,3,0,0,0,0,0,0
2019,gol,3,1,0.032258065,0.129032258,0.677419355,0.064516129,0,0.096774194
2019,gol,3,2,0,0.183098592,0.521126761,0.23943662,0,0.056338028
2019,gol,3,3,0.090909091,0,0.272727273,0.272727273,0,0.363636364
2019,gol,5,1,0,0.148148148,0.851851852,0,0,0
2019,gol,5,2,0.666666667,0,0,0.333333333,0,0
2019,gol,5,3,0,0,1,0,0,0
2019,gol,3,1,0,0,0.513888889,0.458333333,0,0.027777778
2019,gol,3,2,0.052631579,0,0,0,0,0.947368421
2019,gol,3,3,0,0,0.352941176,0,0,0.647058824
2019,pel,3,1,0,0,0,0,0,0
2019,pel,3,2,0,1,0,0,0,0
2019,pel,3,3,0,0,0,0,0,0
2019,pel,5,1,0,0.789473684,0.157894737,0.052631579,0,0
2019,pel,5,2,0,0.62962963,0,0.37037037,0,0
2019,pel,5,3,0,0.862068966,0,0.137931034,0,0
2019,sp,3,1,0,0,0,0,0,0
2019,sp,3,2,0,0,0,0,0,0
2019,sp,3,3,0,0,0,1,0,0
2019,sp,5,1,0,0.023809524,0,0.976190476,0,0
2019,sp,5,2,1,0,0,0,0,0
2019,sp,5,3,0,0,0,1,0,0
2019,sp,3,1,0,0,0,1,0,0
2019,sp,3,2,0,0,0,0.958333333,0,0.041666667
2019,sp,3,3,0.013368984,0,0,0.954545455,0.032085561,0
2019,sp,5,1,0,0,0,1,0,0
2019,sp,5,2,0,0,0,1,0,0
2019,sp,5,3,0.047619048,0.238095238,0,0.714285714,0,0